project_index,project_title,project_author,entity_type,clickable_entity
1,"Encontrarse en la forma","Ignacia Santillán",persona,"Ignacia Santillán"
2,"L'uccello","Weichi He",persona,"Weichi He"
2,"L'uccello","Weichi He",persona,"Pablo González"
3,"Max Fett Specimen","Weichi He",persona,"Weichi He"
3,"Max Fett Specimen","Weichi He",persona,"Max Fett"
4,"Me gusta mucho aquí","Ignacia Santillán",persona,"Ignacia Santillán"
4,"Me gusta mucho aquí","Ignacia Santillán",persona,"Malhumor Studio"
4,"Me gusta mucho aquí","Ignacia Santillán",estudio,"Malhumor Studio"
5,"Otras formas de medir el tiempo","Ignacia Santillán",persona,"Ignacia Santillán"
5,"Otras formas de medir el tiempo","Ignacia Santillán",persona,"Malhumor Studio"
5,"Otras formas de medir el tiempo","Ignacia Santillán",estudio,"Malhumor Studio"
6,"Rayo de luz","Gracia González",persona,"Gracia González"
7,"Fundación FIT","Gracia González",persona,"Gracia González"
8,"Retorno","Catalina Uribe, Andres Miquel, Fernanda Gutiérrez",persona,"Catalina Uribe"
8,"Retorno","Catalina Uribe, Andres Miquel, Fernanda Gutiérrez",persona,"Andres Miquel"
8,"Retorno","Catalina Uribe, Andres Miquel, Fernanda Gutiérrez",persona,"Fernanda Gutiérrez"
9,"Retorno","Andres Miquel, Catalina Uribe, Fernanda Gutiérrez",persona,"Andres Miquel"
9,"Retorno","Andres Miquel, Catalina Uribe, Fernanda Gutiérrez",persona,"Catalina Uribe"
9,"Retorno","Andres Miquel, Catalina Uribe, Fernanda Gutiérrez",persona,"Fernanda Gutiérrez"
10,"Retorno","Fernanda Gutiérrez, Andres Miquel, Catalina Uribe",persona,"Fernanda Gutiérrez"
10,"Retorno","Fernanda Gutiérrez, Andres Miquel, Catalina Uribe",persona,"Andres Miquel"
10,"Retorno","Fernanda Gutiérrez, Andres Miquel, Catalina Uribe",persona,"Catalina Uribe"
11,"A Life in a Year","Paula Santa María",persona,"Paula Santa María"
12,"Bombus Chilensis","María Jesús Pinto, Victoria De la Maza",persona,"María Jesús Pinto"
12,"Bombus Chilensis","María Jesús Pinto, Victoria De la Maza",persona,"Victoria De la Maza"
13,"Misc","Matías Vial",persona,"Matías Vial"
13,"Misc","Matías Vial",persona,"Il Mato"
14,"Acuerdo de Escazú","Carolina Pinochet",persona,"Carolina Pinochet"
14,"Acuerdo de Escazú","Carolina Pinochet",persona,"Estudio Postal"
14,"Acuerdo de Escazú","Carolina Pinochet",estudio,"Estudio Postal"
15,"Agenda Palpa","Macarena Valdés Domínguez",persona,"Macarena Valdés Domínguez"
15,"Agenda Palpa","Macarena Valdés Domínguez",persona,"Qüina Studio"
15,"Agenda Palpa","Macarena Valdés Domínguez",estudio,"Qüina Studio"
16,"La Roi","Macarena Valdés Domínguez",persona,"Macarena Valdés Domínguez"
16,"La Roi","Macarena Valdés Domínguez",persona,"Qüina Studio"
16,"La Roi","Macarena Valdés Domínguez",estudio,"Qüina Studio"
17,"EMG-One","Franco Gnecco",persona,"Franco Gnecco"
17,"EMG-One","Franco Gnecco",persona,"Lorena O’Ryan"
17,"EMG-One","Franco Gnecco",persona,"Alejandro Durán"
18,"Materia Lignum","Catalina Fuenzalida",persona,"Catalina Fuenzalida"
18,"Materia Lignum","Catalina Fuenzalida",persona,"Spectro Studio"
18,"Materia Lignum","Catalina Fuenzalida",persona,"Franco Gnecco"
18,"Materia Lignum","Catalina Fuenzalida",persona,"Damian Araos"
18,"Materia Lignum","Catalina Fuenzalida",estudio,"Spectro Studio"
19,"Materia Lignum","Franco Gnecco",persona,"Franco Gnecco"
19,"Materia Lignum","Franco Gnecco",persona,"Spectro Studio"
19,"Materia Lignum","Franco Gnecco",persona,"Damian Araos"
19,"Materia Lignum","Franco Gnecco",persona,"Catalina Fuenzalida"
19,"Materia Lignum","Franco Gnecco",estudio,"Spectro Studio"
20,"Materia Lignum","Damian Araos",persona,"Damian Araos"
20,"Materia Lignum","Damian Araos",persona,"Spectro Studio"
20,"Materia Lignum","Damian Araos",persona,"Franco Gnecco"
20,"Materia Lignum","Damian Araos",persona,"Catalina Fuenzalida"
20,"Materia Lignum","Damian Araos",estudio,"Spectro Studio"
21,"Cómo diseñar una revolución. La vía chilena al diseño","Yazmin Jiménez",persona,"Yazmin Jiménez"
21,"Cómo diseñar una revolución. La vía chilena al diseño","Yazmin Jiménez",persona,"Eden Medina"
21,"Cómo diseñar una revolución. La vía chilena al diseño","Yazmin Jiménez",persona,"Pedro Ignacio Alonso"
21,"Cómo diseñar una revolución. La vía chilena al diseño","Yazmin Jiménez",persona,"Hugo Palmarola Diseño"
21,"Cómo diseñar una revolución. La vía chilena al diseño","Yazmin Jiménez",persona,"Yazmín González Editores"
21,"Cómo diseñar una revolución. La vía chilena al diseño","Yazmin Jiménez",persona,"Lars Müller Publishers"
22,"Cómo diseñar una revolución. La vía chilena al diseño","Pedro Álvarez",persona,"Pedro Álvarez"
22,"Cómo diseñar una revolución. La vía chilena al diseño","Pedro Álvarez",persona,"Eden Medina"
22,"Cómo diseñar una revolución. La vía chilena al diseño","Pedro Álvarez",persona,"Pedro Ignacio Alonso"
22,"Cómo diseñar una revolución. La vía chilena al diseño","Pedro Álvarez",persona,"Hugo Palmarola Diseño"
22,"Cómo diseñar una revolución. La vía chilena al diseño","Pedro Álvarez",persona,"Yazmín González Editores"
22,"Cómo diseñar una revolución. La vía chilena al diseño","Pedro Álvarez",persona,"Lars Müller Publishers"
23,"Escuela Global","Dominga Olavarría Schuh",persona,"Dominga Olavarría Schuh"
24,"Puente Textil","Josefina Boggio",persona,"Josefina Boggio"
25,"ARQUEOLOGÍA PERSONAL","Josefina Boggio",persona,"Josefina Boggio"
26,"Memoria Luz que Enseña","Alejandra Garcia Huidobro",persona,"Alejandra Garcia Huidobro"
27,"Luz que enseña","Alejandra Garcia Huidobro",persona,"Alejandra Garcia Huidobro"
28,"Protagonistas en Palabras","Lucas Góngora Rocha",persona,"Lucas Góngora Rocha"
28,"Protagonistas en Palabras","Lucas Góngora Rocha",persona,"Andrés Navarro"
28,"Protagonistas en Palabras","Lucas Góngora Rocha",persona,"Denisse Hernández"
28,"Protagonistas en Palabras","Lucas Góngora Rocha",persona,"Javiera Sánchez"
28,"Protagonistas en Palabras","Lucas Góngora Rocha",persona,"Magdalena Manríquez"
28,"Protagonistas en Palabras","Lucas Góngora Rocha",persona,"Martín Cáceres"
28,"Protagonistas en Palabras","Lucas Góngora Rocha",persona,"Michelle Serni"
28,"Protagonistas en Palabras","Lucas Góngora Rocha",persona,"Ximena Silva"
29,"LA MADRE DEL CORDERO","María Cristina Adasme",persona,"María Cristina Adasme"
29,"LA MADRE DEL CORDERO","María Cristina Adasme",persona,"Diego Ayala"
29,"LA MADRE DEL CORDERO","María Cristina Adasme",persona,"Aníbal Jofré"
30,"Volantín Cortao","María Cristina Adasme",persona,"María Cristina Adasme"
30,"Volantín Cortao","María Cristina Adasme",persona,"Enrique Farías"
30,"Volantín Cortao","María Cristina Adasme",persona,"Rosario Espinosa"
31,"50 años después: Golpe en la memoria","María Cristina Adasme",persona,"María Cristina Adasme"
31,"50 años después: Golpe en la memoria","María Cristina Adasme",persona,"Segundo Nombre Museografía"
31,"50 años después: Golpe en la memoria","María Cristina Adasme",persona,"Paulina Montero"
31,"50 años después: Golpe en la memoria","María Cristina Adasme",persona,"Nicolás Maturana"
31,"50 años después: Golpe en la memoria","María Cristina Adasme",persona,"Mayela Cerda"
31,"50 años después: Golpe en la memoria","María Cristina Adasme",persona,"@mayyyela"
31,"50 años después: Golpe en la memoria","María Cristina Adasme",persona,"Leonor Tapia"
31,"50 años después: Golpe en la memoria","María Cristina Adasme",persona,"@leonor_th"
31,"50 años después: Golpe en la memoria","María Cristina Adasme",persona,"@cromolux_fg"
31,"50 años después: Golpe en la memoria","María Cristina Adasme",persona,"Amaya Rojas"
31,"50 años después: Golpe en la memoria","María Cristina Adasme",persona,"@amayarojasarnal."
32,"Variations 1 and 2 for Chanting vessels project","leonor tapia",persona,"leonor tapia"
33,"Sin Nombre","leonor tapia",persona,"leonor tapia"
34,"Tótem, Fuente para Abejas","Lucas Margotta",persona,"Lucas Margotta"
34,"Tótem, Fuente para Abejas","Lucas Margotta",persona,"Sistema Simple Studio"
34,"Tótem, Fuente para Abejas","Lucas Margotta",estudio,"Sistema Simple Studio"
35,"Pabellón de Chile / London Design Biennale 2021. ‘Resonancias Tectónicas desde el Sur: Del diseño centrado en el usuario al diseño orientado en el planeta’.","Lucas Margotta",persona,"Lucas Margotta"
35,"Pabellón de Chile / London Design Biennale 2021. ‘Resonancias Tectónicas desde el Sur: Del diseño centrado en el usuario al diseño orientado en el planeta’.","Lucas Margotta",persona,"Marcos Chilet"
35,"Pabellón de Chile / London Design Biennale 2021. ‘Resonancias Tectónicas desde el Sur: Del diseño centrado en el usuario al diseño orientado en el planeta’.","Lucas Margotta",persona,"Pablo Hermansen"
35,"Pabellón de Chile / London Design Biennale 2021. ‘Resonancias Tectónicas desde el Sur: Del diseño centrado en el usuario al diseño orientado en el planeta’.","Lucas Margotta",persona,"Carola Ureta"
35,"Pabellón de Chile / London Design Biennale 2021. ‘Resonancias Tectónicas desde el Sur: Del diseño centrado en el usuario al diseño orientado en el planeta’.","Lucas Margotta",persona,"Martin Tironi En"
35,"Pabellón de Chile / London Design Biennale 2021. ‘Resonancias Tectónicas desde el Sur: Del diseño centrado en el usuario al diseño orientado en el planeta’.","Lucas Margotta",persona,"Macarena Irarrázaval"
35,"Pabellón de Chile / London Design Biennale 2021. ‘Resonancias Tectónicas desde el Sur: Del diseño centrado en el usuario al diseño orientado en el planeta’.","Lucas Margotta",persona,"Sistema Simple Studio"
35,"Pabellón de Chile / London Design Biennale 2021. ‘Resonancias Tectónicas desde el Sur: Del diseño centrado en el usuario al diseño orientado en el planeta’.","Lucas Margotta",persona,"Design Systems International"
35,"Pabellón de Chile / London Design Biennale 2021. ‘Resonancias Tectónicas desde el Sur: Del diseño centrado en el usuario al diseño orientado en el planeta’.","Lucas Margotta",persona,"Valentina Aliaga"
35,"Pabellón de Chile / London Design Biennale 2021. ‘Resonancias Tectónicas desde el Sur: Del diseño centrado en el usuario al diseño orientado en el planeta’.","Lucas Margotta",estudio,"Sistema Simple Studio"
36,"(Mobiliario) Librero Rubén","Diego Gajardo",persona,"Diego Gajardo"
37,"[Banca Cafecito]","Diego Gajardo",persona,"Diego Gajardo"
37,"[Banca Cafecito]","Diego Gajardo",persona,"@piso2stgo"
37,"[Banca Cafecito]","Diego Gajardo",persona,"Miller Desarrollado"
38,"José Vidal & Co - Tacto y Contacto","Lucía Rosselot Valdés",persona,"Lucía Rosselot Valdés"
38,"José Vidal & Co - Tacto y Contacto","Lucía Rosselot Valdés",persona,"José Vidal"
39,"Modelo A04","Lucía Rosselot Valdés",persona,"Lucía Rosselot Valdés"
40,"Intergenerationality and Flexibility: A Guide for the Inclusion of 50+ Workers in Formal Workplaces","Daniela Moyano",persona,"Daniela Moyano"
40,"Intergenerationality and Flexibility: A Guide for the Inclusion of 50+ Workers in Formal Workplaces","Daniela Moyano",persona,"Camila Valencia"
40,"Intergenerationality and Flexibility: A Guide for the Inclusion of 50+ Workers in Formal Workplaces","Daniela Moyano",persona,"@mellamocamilinda"
41,"Cómo diseñar una revolución. La vía chilena al diseño","Hugo Palmarola",persona,"Hugo Palmarola"
41,"Cómo diseñar una revolución. La vía chilena al diseño","Hugo Palmarola",persona,"Eden Medina"
41,"Cómo diseñar una revolución. La vía chilena al diseño","Hugo Palmarola",persona,"Pedro Ignacio Alonso"
41,"Cómo diseñar una revolución. La vía chilena al diseño","Hugo Palmarola",persona,"Hugo Palmarola Diseño"
41,"Cómo diseñar una revolución. La vía chilena al diseño","Hugo Palmarola",persona,"Yazmín González Editores"
41,"Cómo diseñar una revolución. La vía chilena al diseño","Hugo Palmarola",persona,"Lars Müller Publishers"
42,"DASON","Patricio Fuentes",persona,"Patricio Fuentes"
42,"DASON","Patricio Fuentes",persona,"Stanford University"
43,"Galería de Arte Gráfico A3","Alejandra Amenábar",persona,"Alejandra Amenábar"
44,"Olivia y el Terremoto Invisible","Antonia Piña",persona,"Antonia Piña"
44,"Olivia y el Terremoto Invisible","Antonia Piña",persona,"Irene Iborra Supervisión"
44,"Olivia y el Terremoto Invisible","Antonia Piña",persona,"Pájaro Pip"
45,"EXVIVO","Julie Carles",persona,"Julie Carles"
45,"EXVIVO","Julie Carles",persona,"Draft Estudio"
45,"EXVIVO","Julie Carles",estudio,"Draft Estudio"
46,"DENSE","Vicente Carmona",persona,"Vicente Carmona"
47,"Fintual","Valentina Andrea Pavez Benítez",persona,"Valentina Andrea Pavez Benítez"
48,"Hackathon Junior","Sophia López Pinoleo",persona,"Sophia López Pinoleo"
49,"Descartadas","Vanessa Vásquez",persona,"Vanessa Vásquez"
50,"Indigno de ser humano","Javiera Vaccaro",persona,"Javiera Vaccaro"
50,"Indigno de ser humano","Javiera Vaccaro",persona,"Abducción Editorial"
51,"Visualización de productos para página web","Álvaro Magalhães",persona,"Álvaro Magalhães"
52,"Diseño de soportes y montaje para @genoveva_scl y @bronca.stgo en la tienda de @cdl___stgo","Clemente Mackay",persona,"Clemente Mackay"
52,"Diseño de soportes y montaje para @genoveva_scl y @bronca.stgo en la tienda de @cdl___stgo","Clemente Mackay",persona,"Sebastián Cobo"
53,"DTAD","Clemente Mackay",persona,"Clemente Mackay"
54,"Ignacio Squella","Ignacio Squella",persona,"Ignacio Squella"
55,"Fotografía producto - Caluet.cl","Ignacio Squella",persona,"Ignacio Squella"
56,"Proyecto #56","Sofía Jiménez",persona,"Sofía Jiménez"
57,"Proyecto #57","Sofía Jiménez",persona,"Sofía Jiménez"
58,"Topsy Studio","Malú Fernández Aspillaga",persona,"Malú Fernández Aspillaga"
58,"Topsy Studio","Malú Fernández Aspillaga",persona,"Directora Creativa"
58,"Topsy Studio","Malú Fernández Aspillaga",persona,"Topsy Studio"
58,"Topsy Studio","Malú Fernández Aspillaga",estudio,"Topsy Studio"
59,"Orniflor viaja a Chiloé","Valentina Rey Carmona",persona,"Valentina Rey Carmona"
59,"Orniflor viaja a Chiloé","Valentina Rey Carmona",persona,"Fundación Juntos Incluimos"
60,"Libro infantil","Valentina Rey Carmona",persona,"Valentina Rey Carmona"
61,"Cartas de Póker (Coca-Cola)","Tamara Santibáñez",persona,"Tamara Santibáñez"
62,"Descargables Imanix","Sofía Daza Urzúa",persona,"Sofía Daza Urzúa"
63,"Talana","Rafaella Espildora",persona,"Rafaella Espildora"
64,"Revista N°2 Museo Histórico de Carabineros de Chile","Paulina Padilla",persona,"Paulina Padilla"
65,"Aralí","Aranda Feres Ojeda",persona,"Aranda Feres Ojeda"
66,"Afiche n°1","Gianfranco Music Wachtendorff",persona,"Gianfranco Music Wachtendorff"
67,"Vestuario obra 'Hotel O'clock'","María Soledad Albornoz",persona,"María Soledad Albornoz"
68,"Vestuario obra 'Bailame'","María Soledad Albornoz",persona,"María Soledad Albornoz"
69,"Colaboración cervecería LOA","María Jesús Lafuente",persona,"María Jesús Lafuente"
69,"Colaboración cervecería LOA","María Jesús Lafuente",persona,"Cervecería LOA"
70,"Arrebol Spa","María Jesús Lafuente",persona,"María Jesús Lafuente"
71,"alegría alegría","María Inés Alarcón",persona,"María Inés Alarcón"
72,"Rediseño portada Juan Salvador Gaviota","María Inés Alarcón",persona,"María Inés Alarcón"
73,"Circular Pet","León Quesney Cox",persona,"León Quesney Cox"
74,"La Batea Deco","Josefina Stückrath",persona,"Josefina Stückrath"
75,"Tere Gott","Josefina Stückrath",persona,"Josefina Stückrath"
76,"ALBADELUX","Josefa González Gil",persona,"Josefa González Gil"
76,"ALBADELUX","Josefa González Gil",persona,"ALBADELUX Implementación"
77,"Cajas de Puzzles (varias)","Florencia Rodríguez Errázuriz",persona,"Florencia Rodríguez Errázuriz"
78,"Real Travel App","Colomba Plass",persona,"Colomba Plass"
78,"Real Travel App","Colomba Plass",persona,"Cinco Estudio Pieza"
78,"Real Travel App","Colomba Plass",persona,"Real Travel"
78,"Real Travel App","Colomba Plass",estudio,"Cinco Estudio"
79,"Silla Mudra","Chiara Antillo Heilenkötter",persona,"Chiara Antillo Heilenkötter"
79,"Silla Mudra","Chiara Antillo Heilenkötter",persona,"Anka Taller"
80,"Silla alta Pliego","Chiara Antillo Heilenkötter",persona,"Chiara Antillo Heilenkötter"
80,"Silla alta Pliego","Chiara Antillo Heilenkötter",persona,"Anka Taller"
81,"Historia de la infografía en Chile (2018)","Gonzalo Morales",persona,"Gonzalo Morales"
82,"Afiche n°2","Gianfranco Music Wachtendorff",persona,"Gianfranco Music Wachtendorff"
83,"Sin nombre","Gianfranco Music Wachtendorff",persona,"Gianfranco Music Wachtendorff"
84,"Colección 3 Chol1: Bichos","Antonino Reinoso",persona,"Antonino Reinoso"
85,"Taboo*","Emilia Ferrari",persona,"Emilia Ferrari"
86,"dos2","Emilia Ferrari",persona,"Emilia Ferrari"
87,"Mueble Don Melchor","Carolina Planas",persona,"Carolina Planas"
88,"RRSS - Viela","Antonella Vila Garcia",persona,"Antonella Vila Garcia"
89,"Viella","Antonella Vila Garcia",persona,"Antonella Vila Garcia"
90,"Proust Cerámica","Magdalena Proust Iligaray",persona,"Magdalena Proust Iligaray"
91,"COSTA","Andrés Valdivieso Vera",persona,"Andrés Valdivieso Vera"
91,"COSTA","Andrés Valdivieso Vera",persona,"Claudia Marcano"
92,"Campaña Funa y Acoso","Pilar Saavedra",persona,"Pilar Saavedra"
93,"Pequén","Elisa Aguirre",persona,"Elisa Aguirre"
94,"Paneles Voladores","Hugo Palmarola",persona,"Hugo Palmarola"
94,"Paneles Voladores","Hugo Palmarola",persona,"Pedro Ignacio Alonso"
94,"Paneles Voladores","Hugo Palmarola",persona,"Libro ISBN"
95,"Cosmopolitical encounters: Prototyping at the National Zoo","Pablo Hermansen",persona,"Pablo Hermansen"
95,"Cosmopolitical encounters: Prototyping at the National Zoo","Pablo Hermansen",persona,"Martín Tironi Journal"
95,"Cosmopolitical encounters: Prototyping at the National Zoo","Pablo Hermansen",persona,"Cultural Economy"
96,"Hacer y componer: una introducción a la tipografía","Francisco Gálvez",persona,"Francisco Gálvez"
97,"Hacer y componer: una introducción a la tipografía 2.0","Francisco Gálvez",persona,"Francisco Gálvez"
98,"Pedagogías para habitar el jardín infantil","Patricia Manns",persona,"Patricia Manns"
98,"Pedagogías para habitar el jardín infantil","Patricia Manns",persona,"Cynthia Adlerstein"
98,"Pedagogías para habitar el jardín infantil","Patricia Manns",persona,"Alberto González Editorial"
98,"Pedagogías para habitar el jardín infantil","Patricia Manns",persona,"Ediciones UC"
99,"Pedagogías para habitar el jardín infantil","Alberto González",persona,"Alberto González"
99,"Pedagogías para habitar el jardín infantil","Alberto González",persona,"Patricia Manns"
99,"Pedagogías para habitar el jardín infantil","Alberto González",persona,"Cynthia Adlerstein"
99,"Pedagogías para habitar el jardín infantil","Alberto González",persona,"Alberto González Editorial"
99,"Pedagogías para habitar el jardín infantil","Alberto González",persona,"Ediciones UC"
100,"The design of RutaCL: Developing and measuring performance for highway typeface","Rodrigo Ramírez",persona,"Rodrigo Ramírez"
100,"The design of RutaCL: Developing and measuring performance for highway typeface","Rodrigo Ramírez",persona,"Francisco Gálvez Pizarro"
100,"The design of RutaCL: Developing and measuring performance for highway typeface","Rodrigo Ramírez",persona,"Victoria Gallardo"
100,"The design of RutaCL: Developing and measuring performance for highway typeface","Rodrigo Ramírez",persona,"Rodrigo Ramírez Montecinos"
101,"Resistencia gráfica. Dictadura en Chile (APJ – Tallersol)","Nicole Cristi",persona,"Nicole Cristi"
101,"Resistencia gráfica. Dictadura en Chile (APJ – Tallersol)","Nicole Cristi",persona,"Javiera Manzi"
102,"INSTRUCCIONES PARA DIBUJAR SU CAMINAR","Sofía Garrido",persona,"Sofía Garrido"
103,"Magma Magazine","Sofía Garrido",persona,"Sofía Garrido"
103,"Magma Magazine","Sofía Garrido",persona,"Magdalena Derosas"
103,"Magma Magazine","Sofía Garrido",persona,"Esteban Sandoval"
104,"Consideraciones Generales","Vicente Acuña",persona,"Vicente Acuña"
105,"Museum Site Santa Fe","Vicente Acuña",persona,"Vicente Acuña"
105,"Museum Site Santa Fe","Vicente Acuña",persona,"Felicidad Pública Design Direction"
105,"Museum Site Santa Fe","Vicente Acuña",persona,"Simón Sepúlveda"
105,"Museum Site Santa Fe","Vicente Acuña",persona,"Piedad Rivadeneira Creative Direction"
105,"Museum Site Santa Fe","Vicente Acuña",persona,"Simón Sepúlveda Graphic Design"
105,"Museum Site Santa Fe","Vicente Acuña",persona,"Pau Geis"
105,"Museum Site Santa Fe","Vicente Acuña",persona,"Antonia Guzmán"
106,"The Name Club","Vicente Acuña",persona,"Vicente Acuña"
106,"The Name Club","Vicente Acuña",persona,"Otros Pérez"
107,"SIENTO EL VIENTO","Gracia González",persona,"Gracia González"
107,"SIENTO EL VIENTO","Gracia González",persona,"Editorial Amanuta"
108,"DIÁLOGOS IMPRESOS","Gracia González, Alejandra Amenábar",persona,"Gracia González"
108,"DIÁLOGOS IMPRESOS","Gracia González, Alejandra Amenábar",persona,"Alejandra Amenábar"
108,"DIÁLOGOS IMPRESOS","Gracia González, Alejandra Amenábar",persona,"Taller UC"
108,"DIÁLOGOS IMPRESOS","Gracia González, Alejandra Amenábar",persona,"Il Posto"
109,"60 años Kérastase","Francisco Finat Soloduchin",persona,"Francisco Finat Soloduchin"
109,"60 años Kérastase","Francisco Finat Soloduchin",persona,"Francisco Finat"
110,"Avita","María Fernanda Gonzalez",persona,"María Fernanda Gonzalez"
110,"Avita","María Fernanda Gonzalez",persona,"Josefa Bustos"
110,"Avita","María Fernanda Gonzalez",persona,"Ferni González"
111,"Biosfera Somos Agua","Josefina Carvalho",persona,"Josefina Carvalho"
111,"Biosfera Somos Agua","Josefina Carvalho",persona,"Juan Pablo Orrego Diagramación"
111,"Biosfera Somos Agua","Josefina Carvalho",persona,"Magdalena Larraín"
112,"Biosfera Somos Agua","Magdalena Larraín",persona,"Magdalena Larraín"
112,"Biosfera Somos Agua","Magdalena Larraín",persona,"Juan Pablo Orrego Diagramación"
112,"Biosfera Somos Agua","Magdalena Larraín",persona,"Josefina Carvalho"
113,"Avita","María Fernanda Gonzalez",persona,"María Fernanda Gonzalez"
113,"Avita","María Fernanda Gonzalez",persona,"Josefa Bustos"
113,"Avita","María Fernanda Gonzalez",persona,"Ferni González"
114,"Guided by the Moon","Florencia Vildósola",persona,"Florencia Vildósola"
115,"PC Factory","Constanza Morales",persona,"Constanza Morales"
115,"PC Factory","Constanza Morales",persona,"PC Factory"
116,"Manual Verde","Sergio Ramírez Flores",persona,"Sergio Ramírez Flores"
116,"Manual Verde","Sergio Ramírez Flores",persona,"Florencia Vildósola"
117,"Museo Histórico Nacional","Sergio Ramírez Flores",persona,"Sergio Ramírez Flores"
118,"TYPE SPECIMEN FANZINE","Jose Chaud",persona,"Jose Chaud"
119,"Baby.kine","Trinidad Burgos",persona,"Trinidad Burgos"
119,"Baby.kine","Trinidad Burgos",persona,"Iván Caro"
120,"Emprendekit","Kimberly McCartney",persona,"Kimberly McCartney"
121,"FPO Módulo — Bienal de Arquitectura","Catalina Pérez",persona,"Catalina Pérez"
121,"FPO Módulo — Bienal de Arquitectura","Catalina Pérez",persona,"Otros Pérez"
121,"FPO Módulo — Bienal de Arquitectura","Catalina Pérez",persona,"Fernando Pérez"
122,"Pastelito","Naomi Altmann",persona,"Naomi Altmann"
123,"ADD","Fernanda González",persona,"Fernanda González"
123,"ADD","Fernanda González",persona,"Lugar Premios Chile Diseño"
123,"ADD","Fernanda González",persona,"Congreso Intesecciones"
124,"LOYALTTY","Juan Pablo Valenzuela",persona,"Juan Pablo Valenzuela"
124,"LOYALTTY","Juan Pablo Valenzuela",persona,"The Glass Lab"
124,"LOYALTTY","Juan Pablo Valenzuela",persona,"@theglasslab.cl"
125,"Black","Juan Pablo Valenzuela",persona,"Juan Pablo Valenzuela"
125,"Black","Juan Pablo Valenzuela",persona,"The Glass Lab"
125,"Black","Juan Pablo Valenzuela",persona,"@theglasslab.cl"
126,"Una Clase de Bichos","Cristóbal Sprätz",persona,"Cristóbal Sprätz"
126,"Una Clase de Bichos","Cristóbal Sprätz",persona,"Magdalena Pérez"
127,"Papel Lustre","Sara Gubbins",persona,"Sara Gubbins"
127,"Papel Lustre","Sara Gubbins",persona,"Matías Prado"
128,"Joyas Maite Araia","Javiera Naranjo",persona,"Javiera Naranjo"
129,"INEDEBLE","Javiera Naranjo, Paulina Carrasco",persona,"Javiera Naranjo"
129,"INEDEBLE","Javiera Naranjo, Paulina Carrasco",persona,"Paulina Carrasco"
130,"Raíces vivas: nuestra fusión","Magdalena Leigh",persona,"Magdalena Leigh"
131,"La Mesa Latina","Ciudad Emergente",persona,"Ciudad Emergente"
131,"La Mesa Latina","Ciudad Emergente",persona,"Magdalena Pérez"
132,"Red APA","Fernanda Romagnoli",persona,"Fernanda Romagnoli"
133,"Catastro Modelo de Prevención","Pilar Saavedra",persona,"Pilar Saavedra"
134,"Espacio EDE","Pilar Saavedra",persona,"Pilar Saavedra"
134,"Espacio EDE","Pilar Saavedra",persona,"Estudio EDE"
134,"Espacio EDE","Pilar Saavedra",estudio,"Estudio EDE"
135,"Löie Füller","Pilar Saavedra",persona,"Pilar Saavedra"
136,"Expo Fireflies Patagonia","Constanza Gahona",persona,"Constanza Gahona"
136,"Expo Fireflies Patagonia","Constanza Gahona",persona,"Fireflies Patagonia"
137,"Encuentro entre cerros","Camila Correa",persona,"Camila Correa"
138,"Revolución Solar","Camila Correa",persona,"Camila Correa"
138,"Revolución Solar","Camila Correa",persona,"Kittsy Flor"
139,"Ilustraciones Quánticas","Camila Correa",persona,"Camila Correa"
140,"De Mukachevo al fin del mundo","Marisol Zemon Vergara",persona,"Marisol Zemon Vergara"
140,"De Mukachevo al fin del mundo","Marisol Zemon Vergara",persona,"Colomba Medina"
141,"Milatelier","Colomba Medina",persona,"Colomba Medina"
142,"1/2 Serie Matera","Martina Abello",persona,"Martina Abello"
143,"Serie mitología Chiloé","Martina Abello",persona,"Martina Abello"
143,"Serie mitología Chiloé","Martina Abello",persona,"Myriam Aguirre"
144,"No tengo amigos tengo amores","Andrés Miquel",persona,"Andrés Miquel"
145,"Los Mil Nombres de María Camaleón","Andrés Miquel",persona,"Andrés Miquel"
146,"Chini and the Technicians","Karina Hyland",persona,"Karina Hyland"
147,"DEFAULT","Karina Hyland",persona,"Karina Hyland"
147,"DEFAULT","Karina Hyland",persona,"Manuela Garretón"
147,"DEFAULT","Karina Hyland",persona,"Tomás Ossandón Iluminación"
148,"P/H<25>","Vicente Puig",persona,"Vicente Puig"
149,"REITE: rebranding","Vicente Puig",persona,"Vicente Puig"
150,"DRP_01","Benjamín Becerra",persona,"Benjamín Becerra"
151,"Anthology","Martina Abello",persona,"Martina Abello"
151,"Anthology","Martina Abello",persona,"Curso VNC-"
151,"Anthology","Martina Abello",persona,"Arts Books"
151,"Anthology","Martina Abello",persona,"Abstract Comics"
152,"Ilustraciones Mojonas","Sofía Álvarez",persona,"Sofía Álvarez"
153,"Toyng","Sofía Álvarez",persona,"Sofía Álvarez"
153,"Toyng","Sofía Álvarez",persona,"Toyng Travel Games"
154,"De Cancelling","Domingo Smart",persona,"Domingo Smart"
154,"De Cancelling","Domingo Smart",persona,"Nicolás Morales Colaboradores"
154,"De Cancelling","Domingo Smart",persona,"Manuel Larraín"
154,"De Cancelling","Domingo Smart",persona,"Lukas Yunge"
155,"PACKAGING FL-01","Domingo Smart",persona,"Domingo Smart"
155,"PACKAGING FL-01","Domingo Smart",persona,"Martín Jiménez"
156,"Mesa Lateral","Domingo Smart",persona,"Domingo Smart"
157,"Axigo","Tomás Sánchez",persona,"Tomás Sánchez"
157,"Axigo","Tomás Sánchez",persona,"Tomás Vivanco"
158,"Centralcorp","Francisco Poulsen",persona,"Francisco Poulsen"
159,"Olivo","Francisco Poulsen",persona,"Francisco Poulsen"
160,"Délano","Francisco Poulsen",persona,"Francisco Poulsen"
161,"Sala simulación AVD","María Fernanda Gonzalez, Clemente López, Valentina Navarrete",persona,"María Fernanda Gonzalez"
161,"Sala simulación AVD","María Fernanda Gonzalez, Clemente López, Valentina Navarrete",persona,"Clemente López"
161,"Sala simulación AVD","María Fernanda Gonzalez, Clemente López, Valentina Navarrete",persona,"Valentina Navarrete"
162,"Salud oportuna en el sistema público de Chile","Felipe Vilches Ivelić",persona,"Felipe Vilches Ivelić"
162,"Salud oportuna en el sistema público de Chile","Felipe Vilches Ivelić",persona,"LIP UC"
163,"El delantal vestido","Felipe Vilches Ivelić",persona,"Felipe Vilches Ivelić"
163,"El delantal vestido","Felipe Vilches Ivelić",persona,"Camila Ríos Erazo Identidad"
163,"El delantal vestido","Felipe Vilches Ivelić",persona,"Sergio Ramírez Flores"
164,"De Este a Oeste, de Norte a Sur","Felipe Vilches Ivelić",persona,"Felipe Vilches Ivelić"
164,"De Este a Oeste, de Norte a Sur","Felipe Vilches Ivelić",persona,"Domingo Abelli Producción"
164,"De Este a Oeste, de Norte a Sur","Felipe Vilches Ivelić",persona,"Goroka TV"
165,"Péndulo","Daniela Reyes Muñoz",persona,"Daniela Reyes Muñoz"
166,"Cositas Fanzine","Daniela Reyes Muñoz",persona,"Daniela Reyes Muñoz"
167,"Mujeres Inspiradoras","Daniela Reyes Muñoz",persona,"Daniela Reyes Muñoz"
167,"Mujeres Inspiradoras","Daniela Reyes Muñoz",persona,"Mujeres Bacanas"
168,"Los Heroes Magazine Covers","Daniela Reyes Muñoz",persona,"Daniela Reyes Muñoz"
168,"Los Heroes Magazine Covers","Daniela Reyes Muñoz",persona,"Revista Los Héroes"
169,"Disonia","Joaquín Gajardo",persona,"Joaquín Gajardo"
169,"Disonia","Joaquín Gajardo",persona,"DISONIA Trabajo"
169,"Disonia","Joaquín Gajardo",persona,"Gaja Studio"
169,"Disonia","Joaquín Gajardo",estudio,"Gaja Studio"
170,"TOPO COLECTIVO","Joaquín Gajardo",persona,"Joaquín Gajardo"
170,"TOPO COLECTIVO","Joaquín Gajardo",persona,"TOPO COLECTIVO Trabajo"
170,"TOPO COLECTIVO","Joaquín Gajardo",persona,"Gaja Studio"
170,"TOPO COLECTIVO","Joaquín Gajardo",estudio,"Gaja Studio"
171,"La Raíz del Aire","Florencia Caro, Colomba Acosta",persona,"Florencia Caro"
171,"La Raíz del Aire","Florencia Caro, Colomba Acosta",persona,"Colomba Acosta"
171,"La Raíz del Aire","Florencia Caro, Colomba Acosta",persona,"Vivanco Realizado"
171,"La Raíz del Aire","Florencia Caro, Colomba Acosta",persona,"Mucha Trama Estudio"
171,"La Raíz del Aire","Florencia Caro, Colomba Acosta",estudio,"Mucha Trama Estudio"
172,"Raíz Rituales","Colomba Acosta, Florencia Caro",persona,"Colomba Acosta"
172,"Raíz Rituales","Colomba Acosta, Florencia Caro",persona,"Florencia Caro"
172,"Raíz Rituales","Colomba Acosta, Florencia Caro",persona,"Raíz Rituales Realizado"
172,"Raíz Rituales","Colomba Acosta, Florencia Caro",persona,"Mucha Trama Estudio"
172,"Raíz Rituales","Colomba Acosta, Florencia Caro",estudio,"Mucha Trama Estudio"
173,"Decide Chile","Constanza Morales",persona,"Constanza Morales"
173,"Decide Chile","Constanza Morales",persona,"Natalia Rojo"
173,"Decide Chile","Constanza Morales",persona,"Camila Navarrete"
174,"Antagonista","Bernardita Hoffmann",persona,"Bernardita Hoffmann"
175,"Batallas en el barrio","Magdalena Leigh",persona,"Magdalena Leigh"
175,"Batallas en el barrio","Magdalena Leigh",persona,"Magdalena Leigh Guiatura"
175,"Batallas en el barrio","Magdalena Leigh",persona,"Pedro Álvarez"
176,"POLKA DOT","Fernanda Gutiérrez",persona,"Fernanda Gutiérrez"
176,"POLKA DOT","Fernanda Gutiérrez",persona,"@fgtzzz_"
176,"POLKA DOT","Fernanda Gutiérrez",persona,"@javinaranjot"
176,"POLKA DOT","Fernanda Gutiérrez",persona,"@diegoaguilera.p"
176,"POLKA DOT","Fernanda Gutiérrez",persona,"@agustinazegers"
176,"POLKA DOT","Fernanda Gutiérrez",persona,"@manuela.eyz"
177,"Fresca Rebeca","Fernanda Gutiérrez",persona,"Fernanda Gutiérrez"
177,"Fresca Rebeca","Fernanda Gutiérrez",persona,"@fgtzzz_"
177,"Fresca Rebeca","Fernanda Gutiérrez",persona,"@crisa.a"
177,"Fresca Rebeca","Fernanda Gutiérrez",persona,"@javinaranjot"
178,"Presente","Daniela Gajardo",persona,"Daniela Gajardo"
178,"Presente","Daniela Gajardo",persona,"Diamela Burboa"
178,"Presente","Daniela Gajardo",persona,"Elisa Modak"
178,"Presente","Daniela Gajardo",persona,"Isidora Modak"
178,"Presente","Daniela Gajardo",persona,"Isidora Montalván"
178,"Presente","Daniela Gajardo",persona,"Josefina Stuardo Post-producción"
178,"Presente","Daniela Gajardo",persona,"Carlos Nauto"
179,"Las piedras","Daniel Riveros",persona,"Daniel Riveros"
180,"Logo sello Jacobino Discos","Daniel Riveros",persona,"Daniel Riveros"
180,"Logo sello Jacobino Discos","Daniel Riveros",persona,"Rodrigo Araya"
181,"Hungría","Daniel Riveros",persona,"Daniel Riveros"
182,"Ciencia Exacta","Daniel Riveros",persona,"Daniel Riveros"
182,"Ciencia Exacta","Daniel Riveros",persona,"Camilo Huinca"
182,"Ciencia Exacta","Daniel Riveros",persona,"Gepe Logo"
183,"Afiche Voy y Vuelvo (Chancho en Piedra)","Felipe Ilabaca",persona,"Felipe Ilabaca"
184,"Ciencia Ficción (Obra de teatro)","Felipe Ilabaca",persona,"Felipe Ilabaca"
184,"Ciencia Ficción (Obra de teatro)","Felipe Ilabaca",persona,"Luis Cifuentes Diseño"
184,"Ciencia Ficción (Obra de teatro)","Felipe Ilabaca",persona,"Claudio Rojas"
185,"Restaurant KrossBar","Catalina Harasic",persona,"Catalina Harasic"
185,"Restaurant KrossBar","Catalina Harasic",persona,"Harasic Diseño"
185,"Restaurant KrossBar","Catalina Harasic",persona,"Iluminación Proyecto"
185,"Restaurant KrossBar","Catalina Harasic",persona,"Diagrama Arquitectos"
186,"Dynamics of coastal picoeukaryote communities in response to oil spill disturbances","Alejandro Durán",persona,"Alejandro Durán"
186,"Dynamics of coastal picoeukaryote communities in response to oil spill disturbances","Alejandro Durán",persona,"Benjamín Glasner"
186,"Dynamics of coastal picoeukaryote communities in response to oil spill disturbances","Alejandro Durán",persona,"Isidora Morel-Letelier"
186,"Dynamics of coastal picoeukaryote communities in response to oil spill disturbances","Alejandro Durán",persona,"Esteban Osses"
186,"Dynamics of coastal picoeukaryote communities in response to oil spill disturbances","Alejandro Durán",persona,"Camilo Gálvez-Aracena"
187,"Flora Nativa","María José Carmona",persona,"María José Carmona"
187,"Flora Nativa","María José Carmona",persona,"Juan Vidal"
187,"Flora Nativa","María José Carmona",persona,"María José Carmona Editorial"
187,"Flora Nativa","María José Carmona",persona,"Amanuta Institución"
187,"Flora Nativa","María José Carmona",persona,"IEB Senda Darwin CNCA"
188,"Al agua","María José Carmona",persona,"María José Carmona"
188,"Al agua","María José Carmona",persona,"Loreto Salinas Texto"
188,"Al agua","María José Carmona",persona,"Sam García Editorial Manivela"
189,"Panchita recorre Chiloé","Gabriela Sandoval",persona,"Gabriela Sandoval"
189,"Panchita recorre Chiloé","Gabriela Sandoval",persona,"Malvina García"
190,"Mou Studio","Martina Palominos",persona,"Martina Palominos"
191,"Misión Korex: Estrategia gamificada para potenciar la actividad física en escolares","Teresita de Jesús Reymond",persona,"Teresita de Jesús Reymond"
191,"Misión Korex: Estrategia gamificada para potenciar la actividad física en escolares","Teresita de Jesús Reymond",persona,"Patricia Manns"
192,"El Pescador de Chiloé","Gabriela Sandoval",persona,"Gabriela Sandoval"
192,"El Pescador de Chiloé","Gabriela Sandoval",persona,"Magdalena Schroeder"
192,"El Pescador de Chiloé","Gabriela Sandoval",persona,"Malvina García"
193,"Ari-test","Macarena Silva",persona,"Macarena Silva"
193,"Ari-test","Macarena Silva",persona,"Macarena Silva Desarrollado"
193,"Ari-test","Macarena Silva",persona,"Ari Health Design"
194,"Deseo, Carne y Voluntad","Javiera Donoso",persona,"Javiera Donoso"
195,"Ahora o nunca","Javiera Donoso",persona,"Javiera Donoso"
196,"The Art of Talking About Art","María Jesús Vidal Lynch",persona,"María Jesús Vidal Lynch"
197,"Refugia","Constanza Weinreich Siraqyan",persona,"Constanza Weinreich Siraqyan"
197,"Refugia","Constanza Weinreich Siraqyan",persona,"Constanza Weinreich"
198,"MUDA","Ignacia Bianchi",persona,"Ignacia Bianchi"
198,"MUDA","Ignacia Bianchi",persona,"Dillan González"
199,"Regularidad Irregular","Ignacia Bianchi",persona,"Ignacia Bianchi"
200,"Hati: El Equilibrio de los Espíritus","Clara Valenzuela Lowey",persona,"Clara Valenzuela Lowey"
201,"La ciudad como texto","Carola Ureta",persona,"Carola Ureta"
201,"La ciudad como texto","Carola Ureta",persona,"Felipe Sologuren"
202,"Metanoien","Tomás Corvalán Azócar",persona,"Tomás Corvalán Azócar"
203,"Desde la bio-imitación a la bioextrapolación: Diseño basado en Simbiogénesis","Daniela Rojas-Levy",persona,"Daniela Rojas-Levy"
203,"Desde la bio-imitación a la bioextrapolación: Diseño basado en Simbiogénesis","Daniela Rojas-Levy",persona,"Alejandro Durán"
204,"Humanidad Teenager","Benjamín Saíz",persona,"Benjamín Saíz"
205,"CHT Lab","Benjamín Saíz",persona,"Benjamín Saíz"
206,"Si el mundo se acabara hoy","Pablo González",persona,"Pablo González"
206,"Si el mundo se acabara hoy","Pablo González",persona,"Ad Portas"
207,"Resonancias Tectónicas","Marcos Chilet",persona,"Marcos Chilet"
207,"Resonancias Tectónicas","Marcos Chilet",persona,"Pablo Hermansen"
207,"Resonancias Tectónicas","Marcos Chilet",persona,"Martín Tironi"
207,"Resonancias Tectónicas","Marcos Chilet",persona,"Carlos Chilet"
207,"Resonancias Tectónicas","Marcos Chilet",persona,"Carola Ureta Editorial"
207,"Resonancias Tectónicas","Marcos Chilet",persona,"Ediciones UC"
208,"Salud Oportuna","Sara Riveros",persona,"Sara Riveros"
209,"GOLDFISH","María Jesús Contreras",persona,"María Jesús Contreras"
210,"Stilllife 1","María Jesús Contreras",persona,"María Jesús Contreras"
211,"30 Grad Mag","María Jesús Contreras",persona,"María Jesús Contreras"
212,"Frog Party","María Jesús Contreras",persona,"María Jesús Contreras"
213,"Metro 21","Josefina Andreu",persona,"Josefina Andreu"
214,"Confluencia: Ruta de 52 murales en la Región Metropolitana","Josefina Andreu",persona,"Josefina Andreu"
215,"Borrowed Matter / Materia Prestada","Sofía Guridi",persona,"Sofía Guridi"
215,"Borrowed Matter / Materia Prestada","Sofía Guridi",persona,"Juan Pablo Vergara Bienal"
216,"Dissolvable Biotextile Keyboard","Sofía Guridi",persona,"Sofía Guridi"
216,"Dissolvable Biotextile Keyboard","Sofía Guridi",persona,"Vertti Virasjoki Presentado"
216,"Dissolvable Biotextile Keyboard","Sofía Guridi",persona,"Dutch Design Week"
217,"Palpa","Josefa Cortés",persona,"Josefa Cortés"
218,"El Delantal Vestido","Catalina Harasic",persona,"Catalina Harasic"
218,"El Delantal Vestido","Catalina Harasic",persona,"Camila Ríos Erazo Fotografía"
218,"El Delantal Vestido","Catalina Harasic",persona,"Valentina Osnovikoff"
219,"Zipi","Maximiliano Contreras",persona,"Maximiliano Contreras"
220,"Postres Paula","Paulina Astudillo",persona,"Paulina Astudillo"
220,"Postres Paula","Paulina Astudillo",persona,"Otros Pérez Identidad"
220,"Postres Paula","Paulina Astudillo",persona,"Otros Pérez"
221,"Vestigios","Carolina Pacheco",persona,"Carolina Pacheco"
221,"Vestigios","Carolina Pacheco",persona,"Colectivo Ronda"
221,"Vestigios","Carolina Pacheco",persona,"Yael Berkowitz"
221,"Vestigios","Carolina Pacheco",persona,"Aníbal Fuentes"
221,"Vestigios","Carolina Pacheco",persona,"Natalia Cerda"
221,"Vestigios","Carolina Pacheco",persona,"Francisca Feijoo"
221,"Vestigios","Carolina Pacheco",persona,"Loreto Leiva"
221,"Vestigios","Carolina Pacheco",persona,"Benjamín Salazar"
222,"El Delantal Vestido","Camila Ríos Erazo",persona,"Camila Ríos Erazo"
222,"El Delantal Vestido","Camila Ríos Erazo",persona,"Camila Ríos Erazo Diseño"
222,"El Delantal Vestido","Camila Ríos Erazo",persona,"Casanueva Reyes"
223,"Sonic Ecologies 2.0","Joaquín Rosas",persona,"Joaquín Rosas"
223,"Sonic Ecologies 2.0","Joaquín Rosas",persona,"Moving Works"
223,"Sonic Ecologies 2.0","Joaquín Rosas",persona,"Low Studio Universidad Adolfo"
223,"Sonic Ecologies 2.0","Joaquín Rosas",persona,"Hurto Visual"
223,"Sonic Ecologies 2.0","Joaquín Rosas",estudio,"Low Studio"
224,"Gubii Bags","Joaquín Rosas",persona,"Joaquín Rosas"
224,"Gubii Bags","Joaquín Rosas",persona,"Gubii Incluye"
225,"Antiquity Collection","Sebastián Errázuriz",persona,"Sebastián Errázuriz"
225,"Antiquity Collection","Sebastián Errázuriz",persona,"Sebastian Studio"
225,"Antiquity Collection","Sebastián Errázuriz",estudio,"Sebastian Studio"
226,"IMAGINE ARTIFICIAL GENERAL INTELLIGENCE","Sebastián Errázuriz",persona,"Sebastián Errázuriz"
226,"IMAGINE ARTIFICIAL GENERAL INTELLIGENCE","Sebastián Errázuriz",persona,"Sebastian Studio"
226,"IMAGINE ARTIFICIAL GENERAL INTELLIGENCE","Sebastián Errázuriz",estudio,"Sebastian Studio"
227,"Melissa + Sebastián","Sebastián Errázuriz",persona,"Sebastián Errázuriz"
227,"Melissa + Sebastián","Sebastián Errázuriz",persona,"Sebastian Studio"
227,"Melissa + Sebastián","Sebastián Errázuriz",estudio,"Sebastian Studio"
228,"Encuentros","Ignacia Murtagh",persona,"Ignacia Murtagh"
229,"Bancas Lapis. Palacio Pereira","Ignacia Murtagh",persona,"Ignacia Murtagh"
230,"Woven Landscapes. Gallura","Ignacia Murtagh",persona,"Ignacia Murtagh"
231,"Across Andes 2025 Volcano Edition","Joaquín Rosas",persona,"Joaquín Rosas"
232,"Natural Killer","Leopoldo Herrera",persona,"Leopoldo Herrera"
233,"Con Devuelta","Isabel Díaz-del Río",persona,"Isabel Díaz-del Río"
234,"Calcáreo","Carolina Pacheco",persona,"Carolina Pacheco"
234,"Calcáreo","Carolina Pacheco",persona,"Diseño UC Profesores"
234,"Calcáreo","Carolina Pacheco",persona,"Alejandro Durán"
234,"Calcáreo","Carolina Pacheco",persona,"María José Besoaín"
234,"Calcáreo","Carolina Pacheco",persona,"Aníbal Fuentes"
234,"Calcáreo","Carolina Pacheco",persona,"Alejandro Weiss Fotografías"
234,"Calcáreo","Carolina Pacheco",persona,"Omar Faundez"
234,"Calcáreo","Carolina Pacheco",persona,"Antonia Valencia"
235,"AjuarParn","Camila Ríos Erazo",persona,"Camila Ríos Erazo"
236,"Guaico","Joaquín Gajardo",persona,"Joaquín Gajardo"
236,"Guaico","Joaquín Gajardo",persona,"GUAICO Trabajo"
236,"Guaico","Joaquín Gajardo",persona,"Gaja Studio"
236,"Guaico","Joaquín Gajardo",estudio,"Gaja Studio"
237,"A Punto","María José Díaz",persona,"María José Díaz"
237,"A Punto","María José Díaz",persona,"Blanca Estudio Branding Manager"
237,"A Punto","María José Díaz",estudio,"Blanca Estudio"
238,"VSPT","María José Díaz",persona,"María José Díaz"
238,"VSPT","María José Díaz",persona,"Blanca Estudio Branding Manager"
238,"VSPT","María José Díaz",estudio,"Blanca Estudio"
239,"Resurgir: un poema a las raíces","Magdalena Sáez",persona,"Magdalena Sáez"
239,"Resurgir: un poema a las raíces","Magdalena Sáez",persona,"Adeu Equipo"
239,"Resurgir: un poema a las raíces","Magdalena Sáez",persona,"Giuliana Mellafe"
239,"Resurgir: un poema a las raíces","Magdalena Sáez",persona,"Magdalena Sáenz"
239,"Resurgir: un poema a las raíces","Magdalena Sáez",persona,"Sebastián Tala"
239,"Resurgir: un poema a las raíces","Magdalena Sáez",persona,"María Jesús Vallejos"
239,"Resurgir: un poema a las raíces","Magdalena Sáez",persona,"Josefina Véliz"
240,"Resurgir: un poema a las raíces","María Jesús Vallejos",persona,"María Jesús Vallejos"
240,"Resurgir: un poema a las raíces","María Jesús Vallejos",persona,"Adeu Equipo"
240,"Resurgir: un poema a las raíces","María Jesús Vallejos",persona,"Giuliana Mellafe"
240,"Resurgir: un poema a las raíces","María Jesús Vallejos",persona,"Magdalena Sáenz"
240,"Resurgir: un poema a las raíces","María Jesús Vallejos",persona,"Sebastián Tala"
240,"Resurgir: un poema a las raíces","María Jesús Vallejos",persona,"Josefina Véliz"
241,"Resurgir: un poema a las raíces","Sebastián Tala",persona,"Sebastián Tala"
241,"Resurgir: un poema a las raíces","Sebastián Tala",persona,"Adeu Equipo"
241,"Resurgir: un poema a las raíces","Sebastián Tala",persona,"Giuliana Mellafe"
241,"Resurgir: un poema a las raíces","Sebastián Tala",persona,"Magdalena Sáenz"
241,"Resurgir: un poema a las raíces","Sebastián Tala",persona,"María Jesús Vallejos"
241,"Resurgir: un poema a las raíces","Sebastián Tala",persona,"Josefina Véliz"
242,"Resurgir: un poema a las raíces","Giuliana Mellafe",persona,"Giuliana Mellafe"
242,"Resurgir: un poema a las raíces","Giuliana Mellafe",persona,"Adeu Equipo"
242,"Resurgir: un poema a las raíces","Giuliana Mellafe",persona,"Magdalena Sáenz"
242,"Resurgir: un poema a las raíces","Giuliana Mellafe",persona,"Sebastián Tala"
242,"Resurgir: un poema a las raíces","Giuliana Mellafe",persona,"María Jesús Vallejos"
242,"Resurgir: un poema a las raíces","Giuliana Mellafe",persona,"Josefina Véliz"
243,"Resurgir: un poema a las raíces","Josefina Véliz",persona,"Josefina Véliz"
243,"Resurgir: un poema a las raíces","Josefina Véliz",persona,"Adeu Equipo"
243,"Resurgir: un poema a las raíces","Josefina Véliz",persona,"Giuliana Mellafe"
243,"Resurgir: un poema a las raíces","Josefina Véliz",persona,"Magdalena Sáenz"
243,"Resurgir: un poema a las raíces","Josefina Véliz",persona,"Sebastián Tala"
243,"Resurgir: un poema a las raíces","Josefina Véliz",persona,"María Jesús Vallejos"
244,"Bote de pesca","Alejandra Echeverría",persona,"Alejandra Echeverría"
245,"Candelabro Lollapalooza 2026","Carlos Nauto Paez",persona,"Carlos Nauto Paez"
245,"Candelabro Lollapalooza 2026","Carlos Nauto Paez",persona,"@candelabro.candelabro"
245,"Candelabro Lollapalooza 2026","Carlos Nauto Paez",persona,"@lollapaloozacl."
246,"Pedro Ruminot - Festival de Viña del Mar 2027","Carlos Nauto Paez",persona,"Carlos Nauto Paez"
246,"Pedro Ruminot - Festival de Viña del Mar 2027","Carlos Nauto Paez",persona,"@pedroruminot"
246,"Pedro Ruminot - Festival de Viña del Mar 2027","Carlos Nauto Paez",persona,"@elfestivaldevina"
247,"Juan Pablo López - Festival de Viña del Mar 2026","Carlos Nauto Paez",persona,"Carlos Nauto Paez"
247,"Juan Pablo López - Festival de Viña del Mar 2026","Carlos Nauto Paez",persona,"María José Tapia"
248,"Palabras marchitas","Aribel González",persona,"Aribel González"
248,"Palabras marchitas","Aribel González",persona,"Simón Pešutic Proyecto"
248,"Palabras marchitas","Aribel González",persona,"Otros Pérez"
249,"Aguas Andinas","Aribel González",persona,"Aribel González"
249,"Aguas Andinas","Aribel González",persona,"Aguas Andinas"
249,"Aguas Andinas","Aribel González",persona,"Otros Pérez"
250,"INTRÉPIDA ATELIER","Hyemin An",persona,"Hyemin An"
250,"INTRÉPIDA ATELIER","Hyemin An",persona,"Intrépida Atelier"
251,"Movimiento, vida, huellas / Libro de Artista","Hyemin An",persona,"Hyemin An"
252,"Theragun PRO Plus - By Therabody","Nicolás Robertson",persona,"Nicolás Robertson"
252,"Theragun PRO Plus - By Therabody","Nicolás Robertson",persona,"@dngr.ltd"
252,"Theragun PRO Plus - By Therabody","Nicolás Robertson",persona,"Addt'l CMF"
252,"Theragun PRO Plus - By Therabody","Nicolás Robertson",persona,"@nicordf."
253,"PHOTOVOLTAIC TRAINING BENCH","Nicolás Robertson",persona,"Nicolás Robertson"
254,"Dominó","Shuting Zhong Xie",persona,"Shuting Zhong Xie"
254,"Dominó","Shuting Zhong Xie",persona,"Sabado Sabado Estudio"
254,"Dominó","Shuting Zhong Xie",estudio,"Sabado Sabado Estudio"
255,"Night - Cranberry Mag","Emiliana Montes",persona,"Emiliana Montes"
255,"Night - Cranberry Mag","Emiliana Montes",persona,"Cranberry Chic Foto"
255,"Night - Cranberry Mag","Emiliana Montes",persona,"@paolavelasquezdiaz"
255,"Night - Cranberry Mag","Emiliana Montes",persona,"@pepo_fernandez"
255,"Night - Cranberry Mag","Emiliana Montes",persona,"@saralavinh."
256,"Revista Ya - mariana di girolamo","Emiliana Montes",persona,"Emiliana Montes"
256,"Revista Ya - mariana di girolamo","Emiliana Montes",persona,"Revista YA Foto"
256,"Revista Ya - mariana di girolamo","Emiliana Montes",persona,"@sergio.a.lopez"
256,"Revista Ya - mariana di girolamo","Emiliana Montes",persona,"@kemilyheart.hills"
256,"Revista Ya - mariana di girolamo","Emiliana Montes",persona,"@venvusvenus."
257,"CANTAR EL OLVIDO","Esteban Millar",persona,"Esteban Millar"
257,"CANTAR EL OLVIDO","Esteban Millar",persona,"Esteban Millar Fotografía"
257,"CANTAR EL OLVIDO","Esteban Millar",persona,"Luis Vicente Fresno"
258,"EMPLEOS VERDES","Esteban Millar",persona,"Esteban Millar"
258,"EMPLEOS VERDES","Esteban Millar",persona,"Joce Quezada Diseño"
258,"EMPLEOS VERDES","Esteban Millar",persona,"Esteban Millar Fotografía"
258,"EMPLEOS VERDES","Esteban Millar",persona,"Gregorio Valdés"
259,"Know Your Tools: Neuroscience and Service Design","Gaspar Jarry",persona,"Gaspar Jarry"
259,"Know Your Tools: Neuroscience and Service Design","Gaspar Jarry",persona,"Paula Wuth"
259,"Know Your Tools: Neuroscience and Service Design","Gaspar Jarry",persona,"Catalina Meza"
259,"Know Your Tools: Neuroscience and Service Design","Gaspar Jarry",persona,"Andrés Couve"
260,"Know Your Tools: Neuroscience and Service Design","Catalina Meza",persona,"Catalina Meza"
260,"Know Your Tools: Neuroscience and Service Design","Catalina Meza",persona,"Paula Wuth"
260,"Know Your Tools: Neuroscience and Service Design","Catalina Meza",persona,"Gaspar Jarry"
260,"Know Your Tools: Neuroscience and Service Design","Catalina Meza",persona,"Andrés Couve"
261,"Ecualizando futuros","Gaspar Jarry",persona,"Gaspar Jarry"
261,"Ecualizando futuros","Gaspar Jarry",persona,"Manuela Garretón"
262,"¿Dónde viven tus monstruos?","Isidora Silva",persona,"Isidora Silva"
263,"La naturaleza de la tecnología","Isidora Silva",persona,"Isidora Silva"
264,"Aurora Botánica","Javiera Palma",persona,"Javiera Palma"
265,"Otros Pérez","Catalina Pérez",persona,"Catalina Pérez"
266,"Emotional Patches","Felipe Orellana Fuentealba",persona,"Felipe Orellana Fuentealba"
266,"Emotional Patches","Felipe Orellana Fuentealba",persona,"@felipeorellanaf"
266,"Emotional Patches","Felipe Orellana Fuentealba",persona,"@vallechi_"
266,"Emotional Patches","Felipe Orellana Fuentealba",persona,"@tony_evan"
266,"Emotional Patches","Felipe Orellana Fuentealba",persona,"@joana__nobre"
266,"Emotional Patches","Felipe Orellana Fuentealba",persona,"@paquetenojai"
266,"Emotional Patches","Felipe Orellana Fuentealba",persona,"@pedronuno_"
266,"Emotional Patches","Felipe Orellana Fuentealba",persona,"@bellabellux"
266,"Emotional Patches","Felipe Orellana Fuentealba",persona,"@4getmenot__"
266,"Emotional Patches","Felipe Orellana Fuentealba",persona,"@thempresents"
266,"Emotional Patches","Felipe Orellana Fuentealba",persona,"@leandroreitz."
267,"Prints","Renata Scanavini Grazioli",persona,"Renata Scanavini Grazioli"
268,"Diseñadora Deco Hogar, Menaje","Renata Scanavini Grazioli",persona,"Renata Scanavini Grazioli"
268,"Diseñadora Deco Hogar, Menaje","Renata Scanavini Grazioli",persona,"Marcas Alaniz Home"
268,"Diseñadora Deco Hogar, Menaje","Renata Scanavini Grazioli",persona,"Sarah Miller"
268,"Diseñadora Deco Hogar, Menaje","Renata Scanavini Grazioli",persona,"Paris Cencosud Retail"
269,"ConservationReserves.org – Explora","Magdalena Aboitiz",persona,"Magdalena Aboitiz"
270,"Anillo Palmerae","Magdalena Aboitiz",persona,"Magdalena Aboitiz"
271,"Living Bajamar","Maria Jesus Arestizabal",persona,"Maria Jesus Arestizabal"
272,"Quincho Pinares","Maria Jesus Arestizabal",persona,"Maria Jesus Arestizabal"
273,"Living Bosques de Montemar","Maria Jesus Arestizabal",persona,"Maria Jesus Arestizabal"
274,"Pantalón Sintra Vichy","María Jesús Correa Ortúzar",persona,"María Jesús Correa Ortúzar"
275,"SERENGETI","Gracia Covarrubias Prieto",persona,"Gracia Covarrubias Prieto"
275,"SERENGETI","Gracia Covarrubias Prieto",persona,"Teresita Irarrázaval"
275,"SERENGETI","Gracia Covarrubias Prieto",persona,"Agustin Gómez"
276,"camino del ayuntamiento","Andrea Krauss",persona,"Andrea Krauss"
276,"camino del ayuntamiento","Andrea Krauss",persona,"Krauss Studio"
276,"camino del ayuntamiento","Andrea Krauss",estudio,"Krauss Studio"
277,"Dormitorio | Brabanzón","Andrea Krauss",persona,"Andrea Krauss"
277,"Dormitorio | Brabanzón","Andrea Krauss",persona,"Krauss Studio"
277,"Dormitorio | Brabanzón","Andrea Krauss",estudio,"Krauss Studio"
278,"LIVING | PIEDRA ROJA","Andrea Krauss",persona,"Andrea Krauss"
278,"LIVING | PIEDRA ROJA","Andrea Krauss",persona,"Krauss Studio"
278,"LIVING | PIEDRA ROJA","Andrea Krauss",estudio,"Krauss Studio"
279,"Publicidad en Aeropuerto de Santiago","Catalina Lagos",persona,"Catalina Lagos"
279,"Publicidad en Aeropuerto de Santiago","Catalina Lagos",persona,"Nuevo Capital"
280,"Bikini Bottom Cala Bordo","Magdalena Maiz Hohlberg",persona,"Magdalena Maiz Hohlberg"
281,"Raffia Bag Palma Cacao Brown","Magdalena Maiz Hohlberg",persona,"Magdalena Maiz Hohlberg"
282,"Peto Crop Top Terracota Rib","Magdalena Maiz Hohlberg",persona,"Magdalena Maiz Hohlberg"
283,"Mobiliario Escenográfico","José Miguel Pumpin",persona,"José Miguel Pumpin"
284,"The Umbrella Academy en Netflix Chile","Javiera Valiente",persona,"Javiera Valiente"
284,"The Umbrella Academy en Netflix Chile","Javiera Valiente",persona,"Netflix Chile"
285,"Días Nublados - Novela Gráfica","Javiera Valiente",persona,"Javiera Valiente"
286,"PETRA Y EL SOL","Javiera Valiente",persona,"Javiera Valiente"
286,"PETRA Y EL SOL","Javiera Valiente",persona,"Stefania Malacchini"
286,"PETRA Y EL SOL","Javiera Valiente",persona,"Malu Furche"
286,"PETRA Y EL SOL","Javiera Valiente",persona,"Antonia Piña Construcción"
286,"PETRA Y EL SOL","Javiera Valiente",persona,"Carla Calzadillas"
286,"PETRA Y EL SOL","Javiera Valiente",persona,"Mercedes Castillo"
286,"PETRA Y EL SOL","Javiera Valiente",persona,"Paula Ramírez Animador Stop"
286,"PETRA Y EL SOL","Javiera Valiente",persona,"Gabriela Villalobos Vestuario"
286,"PETRA Y EL SOL","Javiera Valiente",persona,"Andrea Arancibia"
286,"PETRA Y EL SOL","Javiera Valiente",persona,"Elio Vallejos"
286,"PETRA Y EL SOL","Javiera Valiente",persona,"Javiera Valiente Fabricación"
286,"PETRA Y EL SOL","Javiera Valiente",persona,"Milodón Estudio"
286,"PETRA Y EL SOL","Javiera Valiente",estudio,"Milodón Estudio"
287,"Sucursal Volvo","Tamara Schwarz Appelt",persona,"Tamara Schwarz Appelt"
287,"Sucursal Volvo","Tamara Schwarz Appelt",persona,"Schwarz-Haus Arquitecto"
287,"Sucursal Volvo","Tamara Schwarz Appelt",persona,"Siente Cinco Fotografía"
287,"Sucursal Volvo","Tamara Schwarz Appelt",persona,"Equipo SH"
287,"Sucursal Volvo","Tamara Schwarz Appelt",persona,"Siente Cinco"
288,"Elaboración de un simulador de trauma torácico a partir de un torso cadavérico utilizando tecnología de imágenes digitales e impresión 3D","Sebastian Spoerer",persona,"Sebastian Spoerer"
289,"Web Design - KE-ZU Furniture","Maria Jesus Sotoluque",persona,"Maria Jesus Sotoluque"
290,"“Poner en valor a los objetos”, en: Diseña, 9 (2015): 190-191","Lilian Calderón",persona,"Lilian Calderón"
291,"Un origen desconocido del diseño industrial","Lilian Calderón",persona,"Lilian Calderón"
291,"Un origen desconocido del diseño industrial","Lilian Calderón",persona,"Federico Monroy"
292,"Línea de Ensamble","Vicente Múñoz",persona,"Vicente Múñoz"
293,"La fête de la vie","Rosario Balmaceda Espinosa",persona,"Rosario Balmaceda Espinosa"
294,"La Fête de L'Amour","Rosario Balmaceda Espinosa",persona,"Rosario Balmaceda Espinosa"
295,"EL SOL IMPLORA (Video Oficial)","Juan Pablo Bustamante",persona,"Juan Pablo Bustamante"
295,"EL SOL IMPLORA (Video Oficial)","Juan Pablo Bustamante",persona,"@ramozz_dir"
295,"EL SOL IMPLORA (Video Oficial)","Juan Pablo Bustamante",persona,"@juanjoramozz_"
295,"EL SOL IMPLORA (Video Oficial)","Juan Pablo Bustamante",persona,"Concepto Original"
295,"EL SOL IMPLORA (Video Oficial)","Juan Pablo Bustamante",persona,"@_jambeau"
295,"EL SOL IMPLORA (Video Oficial)","Juan Pablo Bustamante",persona,"@hi.marlyc"
295,"EL SOL IMPLORA (Video Oficial)","Juan Pablo Bustamante",persona,"@jacoinsignares"
295,"EL SOL IMPLORA (Video Oficial)","Juan Pablo Bustamante",persona,"@alejandro_vanegasr"
295,"EL SOL IMPLORA (Video Oficial)","Juan Pablo Bustamante",persona,"@el.rolo__"
295,"EL SOL IMPLORA (Video Oficial)","Juan Pablo Bustamante",persona,"@mari.gargo"
295,"EL SOL IMPLORA (Video Oficial)","Juan Pablo Bustamante",persona,"Producción Musical"
295,"EL SOL IMPLORA (Video Oficial)","Juan Pablo Bustamante",persona,"@exilesdreams."
296,"Patitas Perdidas","Nicole Cavada",persona,"Nicole Cavada"
297,"Audio Rutas de Barrio","Paz Osorio Schmied",persona,"Paz Osorio Schmied"
297,"Audio Rutas de Barrio","Paz Osorio Schmied",persona,"Marchantes Cofinanciamiento"
297,"Audio Rutas de Barrio","Paz Osorio Schmied",persona,"Fondart Regional"
298,"Viajes Lectores","Francisca Torres",persona,"Francisca Torres"
299,"Redes sociales: NewFuture","Victoria Garcia",persona,"Victoria Garcia"
299,"Redes sociales: NewFuture","Victoria Garcia",persona,"NewFuture Equipo"
299,"Redes sociales: NewFuture","Victoria Garcia",persona,"Paula Wuth"
299,"Redes sociales: NewFuture","Victoria Garcia",persona,"Victoria García Año"
300,"Escuela sin Fronteras","Catalina Hepp",persona,"Catalina Hepp"
300,"Escuela sin Fronteras","Catalina Hepp",persona,"Service Design Award"
300,"Escuela sin Fronteras","Catalina Hepp",persona,"Winner Best Student Project"
301,"Viajes Lectores","Victoria Garcia",persona,"Victoria Garcia"
301,"Viajes Lectores","Victoria Garcia",persona,"NewFuture Financiamiento"
301,"Viajes Lectores","Victoria Garcia",persona,"Innova FOSIS Equipo"
301,"Viajes Lectores","Victoria Garcia",persona,"Catalina Hepp"
301,"Viajes Lectores","Victoria Garcia",persona,"Camila Silva"
301,"Viajes Lectores","Victoria Garcia",persona,"Maili Ow"
301,"Viajes Lectores","Victoria Garcia",persona,"Joaquín Rosas"
301,"Viajes Lectores","Victoria Garcia",persona,"Natalia Hevia"
301,"Viajes Lectores","Victoria Garcia",persona,"Mariana Zeballos"
301,"Viajes Lectores","Victoria Garcia",persona,"Trinidad Borghero"
301,"Viajes Lectores","Victoria Garcia",persona,"Tomás Sanchez"
302,"Campaña día del niño","Francisca Torres",persona,"Francisca Torres"
303,"Ketal","Sebastián Castro",persona,"Sebastián Castro"
303,"Ketal","Sebastián Castro",persona,"Vicente Barría"
303,"Ketal","Sebastián Castro",persona,"Antonia Catalán"
303,"Ketal","Sebastián Castro",persona,"Fernanda Pineda"
303,"Ketal","Sebastián Castro",persona,"María José Vega Desarrollado"
303,"Ketal","Sebastián Castro",persona,"Nodo Sur"
304,"La Mesa","Magdalena Fontaine",persona,"Magdalena Fontaine"
304,"La Mesa","Magdalena Fontaine",persona,"La Mesa Logo Sal"
305,"Maremagnum","Beatriz Luna",persona,"Beatriz Luna"
305,"Maremagnum","Beatriz Luna",persona,"Juegos Panamericanos Santiago"
306,"Canción del Ciervo y el Niño","Antonella Rosati",persona,"Antonella Rosati"
307,"Fiesta de La Tirana","Francisca Valenzuela Chamorro",persona,"Francisca Valenzuela Chamorro"
308,"CANASTOS ORIETA","Fernanda González",persona,"Fernanda González"
309,"Finca Estudio","Andrea Balmaceda Vicuña",persona,"Andrea Balmaceda Vicuña"
309,"Finca Estudio","Andrea Balmaceda Vicuña",persona,"Finca Estudio"
309,"Finca Estudio","Andrea Balmaceda Vicuña",estudio,"Finca Estudio"
310,"Landing page Impacto Neto Positivo","Paula Alvarado Echeverría",persona,"Paula Alvarado Echeverría"
311,"Rediseño website greenticket","Paula Alvarado Echeverría",persona,"Paula Alvarado Echeverría"
312,"Lumi: Juego para niños con Discapacidad Visual","Daniela Fernández Luengas",persona,"Daniela Fernández Luengas"
313,"Cerámicas","Antonia Grunefeld",persona,"Antonia Grunefeld"
314,"Ilustraciones","Antonia Grunefeld",persona,"Antonia Grunefeld"
315,"Ilustraciones","Juan de Dios Urrutia Izquierdo",persona,"Juan de Dios Urrutia Izquierdo"
316,"BOHO","MANUELA VILLANUEVA WALKER",persona,"MANUELA VILLANUEVA WALKER"
317,"DREAMY WINTER 22","MANUELA VILLANUEVA WALKER",persona,"MANUELA VILLANUEVA WALKER"
318,"LOUNGE HOME S23","MANUELA VILLANUEVA WALKER",persona,"MANUELA VILLANUEVA WALKER"
319,"Armenté","Francisca Villela Armenté",persona,"Francisca Villela Armenté"
320,"Japo Set","Francisca Villela Armenté",persona,"Francisca Villela Armenté"
320,"Japo Set","Francisca Villela Armenté",persona,"@sampedrobraga"
320,"Japo Set","Francisca Villela Armenté",persona,"@anafardy"
320,"Japo Set","Francisca Villela Armenté",persona,"@matiosale"
320,"Japo Set","Francisca Villela Armenté",persona,"@xinaarodriguez"
320,"Japo Set","Francisca Villela Armenté",persona,"@violeta.silvestre_."
320,"Japo Set","Francisca Villela Armenté",persona,"@armenteofficial"
320,"Japo Set","Francisca Villela Armenté",persona,"@ftvillela."
321,"BEST SELLER","Francisca Villela Armenté",persona,"Francisca Villela Armenté"
321,"BEST SELLER","Francisca Villela Armenté",persona,"@sampedrobraga"
321,"BEST SELLER","Francisca Villela Armenté",persona,"@anafardy"
321,"BEST SELLER","Francisca Villela Armenté",persona,"@matiosale"
321,"BEST SELLER","Francisca Villela Armenté",persona,"@xinaarodriguez"
321,"BEST SELLER","Francisca Villela Armenté",persona,"@teo_silguero."
321,"BEST SELLER","Francisca Villela Armenté",persona,"@armenteofficial"
321,"BEST SELLER","Francisca Villela Armenté",persona,"@ftvillela."
322,"Top Nostalgia","Francisca Villela Armenté",persona,"Francisca Villela Armenté"
322,"Top Nostalgia","Francisca Villela Armenté",persona,"@georgielastudio"
322,"Top Nostalgia","Francisca Villela Armenté",persona,"@lacomunevintage."
323,"NoJockey","Francisca Villela Armenté",persona,"Francisca Villela Armenté"
324,"Señalética Club Manquehue","Carolina Correa",persona,"Carolina Correa"
324,"Señalética Club Manquehue","Carolina Correa",persona,"Equipo Wayfinding Consultores"
324,"Señalética Club Manquehue","Carolina Correa",persona,"José Manuel Allard"
324,"Señalética Club Manquehue","Carolina Correa",persona,"Carola Zurob"
325,"Tawa Refugio del Puelo","Carolina Correa",persona,"Carolina Correa"
325,"Tawa Refugio del Puelo","Carolina Correa",persona,"Rimaya Lab"
326,"Adagio Teas® | Rebranding","Carla Marrazzo",persona,"Carla Marrazzo"
326,"Adagio Teas® | Rebranding","Carla Marrazzo",persona,"Corsicana Branding"
326,"Adagio Teas® | Rebranding","Carla Marrazzo",persona,"Carla Marrazzo Estrategia"
326,"Adagio Teas® | Rebranding","Carla Marrazzo",persona,"Sapiens Branding"
327,"MODO","Carla Marrazzo",persona,"Carla Marrazzo"
327,"MODO","Carla Marrazzo",persona,"Corsicana Branding"
327,"MODO","Carla Marrazzo",persona,"Carla Marrazzo Estrategia"
327,"MODO","Carla Marrazzo",persona,"Sapiens Branding"
328,"They were friends","Antonia Berger",persona,"Antonia Berger"
329,"Sonder","Antonia Berger",persona,"Antonia Berger"
330,"Comic for ministry of education chile 2023","Antonia Berger",persona,"Antonia Berger"
331,"Escena Silvestre","Cristina Tapia Robles",persona,"Cristina Tapia Robles"
332,"Afiche Día de los Patrimonios 2024","Cristina Tapia Robles",persona,"Cristina Tapia Robles"
332,"Afiche Día de los Patrimonios 2024","Cristina Tapia Robles",persona,"Departamento Creativo"
332,"Afiche Día de los Patrimonios 2024","Cristina Tapia Robles",persona,"Maximiliano Andrade Ilustraciones"
332,"Afiche Día de los Patrimonios 2024","Cristina Tapia Robles",persona,"Carla Marrazo"
333,"Cuenta Pública 2024 (gráfica)","Cristina Tapia Robles",persona,"Cristina Tapia Robles"
333,"Cuenta Pública 2024 (gráfica)","Cristina Tapia Robles",persona,"Maximiliano Andrade Apoyo"
333,"Cuenta Pública 2024 (gráfica)","Cristina Tapia Robles",persona,"Redes Sociales"
333,"Cuenta Pública 2024 (gráfica)","Cristina Tapia Robles",persona,"Camilo Castillo"
334,"La Distancia Adecuada entre Dos Puntos","Sebastián Cobo",persona,"Sebastián Cobo"
335,"DIOPTRÍA -397","Sebastián Cobo",persona,"Sebastián Cobo"
335,"DIOPTRÍA -397","Sebastián Cobo",persona,"Dirección Proyecto"
335,"DIOPTRÍA -397","Sebastián Cobo",persona,"Sebastián Cobo Arquitecto Colaborador"
335,"DIOPTRÍA -397","Sebastián Cobo",persona,"Victoria Mohr"
335,"DIOPTRÍA -397","Sebastián Cobo",persona,"@vmohrf"
335,"DIOPTRÍA -397","Sebastián Cobo",persona,"Arturo Parada"
335,"DIOPTRÍA -397","Sebastián Cobo",persona,"Sebastián Cobo Montaje"
335,"DIOPTRÍA -397","Sebastián Cobo",persona,"Carlos León"
335,"DIOPTRÍA -397","Sebastián Cobo",persona,"Sebastián Cobo Fotografía"
335,"DIOPTRÍA -397","Sebastián Cobo",persona,"Felipe Ugalde"
335,"DIOPTRÍA -397","Sebastián Cobo",persona,"@fugalde"
336,"Diagrama del Agua I y Diagrama del Agua II (Incompleto)","Sebastián Cobo",persona,"Sebastián Cobo"
336,"Diagrama del Agua I y Diagrama del Agua II (Incompleto)","Sebastián Cobo",persona,"Diego Romo Registros"
336,"Diagrama del Agua I y Diagrama del Agua II (Incompleto)","Sebastián Cobo",persona,"Felipe Ugalde"
336,"Diagrama del Agua I y Diagrama del Agua II (Incompleto)","Sebastián Cobo",persona,"@fugalde"
336,"Diagrama del Agua I y Diagrama del Agua II (Incompleto)","Sebastián Cobo",persona,"Pia Bahamondes"
336,"Diagrama del Agua I y Diagrama del Agua II (Incompleto)","Sebastián Cobo",persona,"@plataforma_visual"
337,"Campo Difuso — Exposición Colectiva Taller Las Nieves","Sebastián Cobo",persona,"Sebastián Cobo"
338,"Wildscapes - Manquehue","Juan Croxatto",persona,"Juan Croxatto"
339,"Fotografía producto","josefa diaz moller",persona,"josefa diaz moller"
340,"Fotografía producto","josefa diaz moller",persona,"josefa diaz moller"
341,"Fotografía gastronomía","josefa diaz moller",persona,"josefa diaz moller"
342,"Fotografía montaña","josefa diaz moller",persona,"josefa diaz moller"
343,"Fotografía interiores","josefa diaz moller",persona,"josefa diaz moller"
344,"Infografías para el Parque Humedal del Río Maipo","Catalina Hildebrandt",persona,"Catalina Hildebrandt"
344,"Infografías para el Parque Humedal del Río Maipo","Catalina Hildebrandt",persona,"Camila Pascual"
345,"Proyecto de Preservación de Tradiciones Chilenas","Catalina Hildebrandt",persona,"Catalina Hildebrandt"
345,"Proyecto de Preservación de Tradiciones Chilenas","Catalina Hildebrandt",persona,"Naciones Unidas"
346,"Chincol","Catalina Hildebrandt",persona,"Catalina Hildebrandt"
347,"Vestido Letualle Pesto","Luz María Hurtado",persona,"Luz María Hurtado"
347,"Vestido Letualle Pesto","Luz María Hurtado",persona,"Luz Hurtado"
348,"Traje Velour Negro","Luz María Hurtado",persona,"Luz María Hurtado"
348,"Traje Velour Negro","Luz María Hurtado",persona,"Luz Hurtado"
349,"Vestido Lune Rosa print","Luz María Hurtado",persona,"Luz María Hurtado"
349,"Vestido Lune Rosa print","Luz María Hurtado",persona,"Luz Hurtado"
350,"Terraneo","Jacinta Navarro",persona,"Jacinta Navarro"
351,"CAFEXPRESS (Rebranding y diseño de servicio)","Antonia Paulsen",persona,"Antonia Paulsen"
352,"Educación Ciudadana","Antonia Paulsen",persona,"Antonia Paulsen"
353,"mycoloop","Ana Schacht",persona,"Ana Schacht"
354,"Hack The Waste","Rayén Espinoza",persona,"Rayén Espinoza"
354,"Hack The Waste","Rayén Espinoza",persona,"Tomás Vivanco"
355,"THE ART OF DESTRUCTION","Sebastián Tala",persona,"Sebastián Tala"
355,"THE ART OF DESTRUCTION","Sebastián Tala",persona,"Pascale Blanchard Diseño"
356,"Under Armour Chile Tienda Online","Victoria Schuwirth Montero",persona,"Victoria Schuwirth Montero"
357,"Rediseño tarjetas banco ripley","Andrés Valdivieso Vera",persona,"Andrés Valdivieso Vera"
358,"Sin Nombre","Andrés Valdivieso Vera",persona,"Andrés Valdivieso Vera"
359,"Axis 1.1","Pablo Gutiérrez",persona,"Pablo Gutiérrez"
359,"Axis 1.1","Pablo Gutiérrez",persona,"Itera Studio"
359,"Axis 1.1","Pablo Gutiérrez",estudio,"Itera Studio"
360,"ABC Pediatrics Book","Claudia Zavala",persona,"Claudia Zavala"
361,"Minie The Squirrel - Picture Book","Claudia Zavala",persona,"Claudia Zavala"
362,"Hacia un habitar regenerativo en la Patagonia: guía de diseño para Conjuntos Residenciales Rurales","Martita Apel",persona,"Martita Apel"
362,"Hacia un habitar regenerativo en la Patagonia: guía de diseño para Conjuntos Residenciales Rurales","Martita Apel",persona,"Estudio Postal"
362,"Hacia un habitar regenerativo en la Patagonia: guía de diseño para Conjuntos Residenciales Rurales","Martita Apel",estudio,"Estudio Postal"
363,"Ediciones ARQ - Portadas Nº 116-117-118","Martita Apel",persona,"Martita Apel"
364,"Informe 8 años Meric","Antonio Batlle Lathrop",persona,"Antonio Batlle Lathrop"
365,"Manual de Gestión APR - Fundación Huella Local","Antonio Batlle Lathrop",persona,"Antonio Batlle Lathrop"
366,"NICOPOLY UX/UI - WEB DESIGN","Consuelo Burotto Sánchez",persona,"Consuelo Burotto Sánchez"
367,"Audioteca Gabriela Mistral","Carmen di Girolamo Arteaga",persona,"Carmen di Girolamo Arteaga"
367,"Audioteca Gabriela Mistral","Carmen di Girolamo Arteaga",persona,"Diego Boggioni Producción"
367,"Audioteca Gabriela Mistral","Carmen di Girolamo Arteaga",persona,"BT Cultura"
367,"Audioteca Gabriela Mistral","Carmen di Girolamo Arteaga",persona,"Medios Producción"
367,"Audioteca Gabriela Mistral","Carmen di Girolamo Arteaga",persona,"Diego Boggioni"
367,"Audioteca Gabriela Mistral","Carmen di Girolamo Arteaga",persona,"Carmen Di Girolamo Diseño"
367,"Audioteca Gabriela Mistral","Carmen di Girolamo Arteaga",persona,"David Capdepont"
367,"Audioteca Gabriela Mistral","Carmen di Girolamo Arteaga",persona,"Santiago Jara Diseñadora"
367,"Audioteca Gabriela Mistral","Carmen di Girolamo Arteaga",persona,"David Jiménez Lazo"
368,"PANTALÓN BEX","Maureen Echeverria Cox",persona,"Maureen Echeverria Cox"
368,"PANTALÓN BEX","Maureen Echeverria Cox",persona,"Cofundadora Adeu"
369,"chaqueta indi","Maureen Echeverria Cox",persona,"Maureen Echeverria Cox"
369,"chaqueta indi","Maureen Echeverria Cox",persona,"Cofundadora Adeu"
370,"CHAQUETA KIOTO","Maureen Echeverria Cox",persona,"Maureen Echeverria Cox"
370,"CHAQUETA KIOTO","Maureen Echeverria Cox",persona,"Cofundadora Adeu"
371,"Vestido Aranua flores rojo","Trinidad Murtagh",persona,"Trinidad Murtagh"
372,"Vest Anea café","Trinidad Murtagh",persona,"Trinidad Murtagh"
373,"OKWU","Consuelo Yávar Larraín",persona,"Consuelo Yávar Larraín"
373,"OKWU","Consuelo Yávar Larraín",persona,"DAW GLOBAL"
373,"OKWU","Consuelo Yávar Larraín",persona,"CROMOLUX Muebles"
374,"Majen","Consuelo Yávar Larraín",persona,"Consuelo Yávar Larraín"
374,"Majen","Consuelo Yávar Larraín",persona,"DAW GLOBAL Desarrollado"
375,"María y el fuego","Josefina M. Gajardo",persona,"Josefina M. Gajardo"
376,"Mona","Josefina M. Gajardo",persona,"Josefina M. Gajardo"
377,"APP Fuerza de Ventas","Isidora Hernández",persona,"Isidora Hernández"
378,"APP Canal Moderno","Isidora Hernández",persona,"Isidora Hernández"
379,"VIO","Sofia Hinostroza",persona,"Sofia Hinostroza"
379,"VIO","Sofia Hinostroza",persona,"Lina Cárdenas"
380,"DISEÑO DE VESTUARIO WILD LAMA","Alejandra Lange",persona,"Alejandra Lange"
380,"DISEÑO DE VESTUARIO WILD LAMA","Alejandra Lange",persona,"Wild Lama"
381,"DISEÑO DE VESTUARIO MUJER Y HOMBRE - BAJO VERANO 2025","Alejandra Lange",persona,"Alejandra Lange"
381,"DISEÑO DE VESTUARIO MUJER Y HOMBRE - BAJO VERANO 2025","Alejandra Lange",persona,"Wild Lama"
382,"Museo del Holocausto - RECORRIDO HOLOCAUSTO (SHOÁ)","Camila Minzer",persona,"Camila Minzer"
382,"Museo del Holocausto - RECORRIDO HOLOCAUSTO (SHOÁ)","Camila Minzer",persona,"Sofía Cohen Curatoría"
382,"Museo del Holocausto - RECORRIDO HOLOCAUSTO (SHOÁ)","Camila Minzer",persona,"Beate Wenker"
382,"Museo del Holocausto - RECORRIDO HOLOCAUSTO (SHOÁ)","Camila Minzer",persona,"Deborah Roitman"
383,"REVERSE","Camila Minzer",persona,"Camila Minzer"
384,"Patrimonio cultural en cifras","Isidora Val Valdivielso",persona,"Isidora Val Valdivielso"
385,"Derecho de la Competencia","Isidora Val Valdivielso",persona,"Isidora Val Valdivielso"
385,"Derecho de la Competencia","Isidora Val Valdivielso",persona,"Gerber Investigación Centro Competencia"
386,"Dialogos sobre Patrimonios","Isidora Val Valdivielso",persona,"Isidora Val Valdivielso"
386,"Dialogos sobre Patrimonios","Isidora Val Valdivielso",persona,"Educación Patrimonial"
387,"Atlas del Patrimonio Cultural en Chile","Isidora Val Valdivielso",persona,"Isidora Val Valdivielso"
388,"Sin Nombre","Daniela Collarte",persona,"Daniela Collarte"
389,"Sin Nombre","Daniela Collarte",persona,"Daniela Collarte"
390,"Plan Maestro Zona de Interés Público Arenal – Talcahuano","Isidora Millas Simosen",persona,"Isidora Millas Simosen"
391,"Vans","Florencia Alcalde R.",persona,"Florencia Alcalde R"
391,"Vans","Florencia Alcalde R.",persona,"@gabriel_torresj"
391,"Vans","Florencia Alcalde R.",persona,"@ariedelpalma"
391,"Vans","Florencia Alcalde R.",persona,"@maquillajetereyavar"
391,"Vans","Florencia Alcalde R.",persona,"@manealcalder"
391,"Vans","Florencia Alcalde R.",persona,"@agustinmunozrocha"
391,"Vans","Florencia Alcalde R.",persona,"@davidperlaza"
391,"Vans","Florencia Alcalde R.",persona,"@domingo_streeter"
391,"Vans","Florencia Alcalde R.",persona,"@jotawork_"
391,"Vans","Florencia Alcalde R.",persona,"@jisepulve"
391,"Vans","Florencia Alcalde R.",persona,"Equipo Vans"
391,"Vans","Florencia Alcalde R.",persona,"@agus7ita"
391,"Vans","Florencia Alcalde R.",persona,"@negra_ipinza"
391,"Vans","Florencia Alcalde R.",persona,"@diegosoruco"
391,"Vans","Florencia Alcalde R.",persona,"@tomaasguzmaan."
392,"Madre Tierra","Florencia Alcalde R.",persona,"Florencia Alcalde R"
392,"Madre Tierra","Florencia Alcalde R.",persona,"@simonamaass"
392,"Madre Tierra","Florencia Alcalde R.",persona,"@marsss.makeup"
392,"Madre Tierra","Florencia Alcalde R.",persona,"@ariedelpalma"
392,"Madre Tierra","Florencia Alcalde R.",persona,"@toomanyflash."
393,"Summer Collection","María Jesús Aldunce",persona,"María Jesús Aldunce"
394,"KIPO","Margarita Ham Uribe",persona,"Margarita Ham Uribe"
395,"Kumiko","Margarita Ham Uribe",persona,"Margarita Ham Uribe"
396,"LAMPOON MAGAZINE / Iván Pellicer / Editorial","Josefina Maiza",persona,"Josefina Maiza"
396,"LAMPOON MAGAZINE / Iván Pellicer / Editorial","Josefina Maiza",persona,"Art Direction"
396,"LAMPOON MAGAZINE / Iván Pellicer / Editorial","Josefina Maiza",persona,"Uri Serra"
396,"LAMPOON MAGAZINE / Iván Pellicer / Editorial","Josefina Maiza",persona,"Manu Mendi"
396,"LAMPOON MAGAZINE / Iván Pellicer / Editorial","Josefina Maiza",persona,"Iván Pellicer"
396,"LAMPOON MAGAZINE / Iván Pellicer / Editorial","Josefina Maiza",persona,"Antonio Abeledo"
396,"LAMPOON MAGAZINE / Iván Pellicer / Editorial","Josefina Maiza",persona,"Zerek Green"
396,"LAMPOON MAGAZINE / Iván Pellicer / Editorial","Josefina Maiza",persona,"Zerek Studio"
396,"LAMPOON MAGAZINE / Iván Pellicer / Editorial","Josefina Maiza",estudio,"Zerek Studio"
397,"WOW CONCEPT / SS23 / Campaign","Josefina Maiza",persona,"Josefina Maiza"
397,"WOW CONCEPT / SS23 / Campaign","Josefina Maiza",persona,"Creative Direction"
397,"WOW CONCEPT / SS23 / Campaign","Josefina Maiza",persona,"Rubén Gómez"
397,"WOW CONCEPT / SS23 / Campaign","Josefina Maiza",persona,"Daniel Jordán Pompa"
397,"WOW CONCEPT / SS23 / Campaign","Josefina Maiza",persona,"Gabriel Galindez"
397,"WOW CONCEPT / SS23 / Campaign","Josefina Maiza",persona,"Art Direction"
397,"WOW CONCEPT / SS23 / Campaign","Josefina Maiza",persona,"Set Design"
398,"ELLE VIETNAM","Josefina Maiza",persona,"Josefina Maiza"
398,"ELLE VIETNAM","Josefina Maiza",persona,"Creative Direction"
398,"ELLE VIETNAM","Josefina Maiza",persona,"Leire Cavia"
398,"ELLE VIETNAM","Josefina Maiza",persona,"Manu Mendi"
398,"ELLE VIETNAM","Josefina Maiza",persona,"Set Design"
398,"ELLE VIETNAM","Josefina Maiza",persona,"Luis Campos"
399,"THE HOUSE OF THE SPIRITS: BOOK COVER REDESIGN","Valentina Marquez Villablanca",persona,"Valentina Marquez Villablanca"
400,"CULTURNAUTS","Valentina Marquez Villablanca",persona,"Valentina Marquez Villablanca"
401,"Nyulu Beauty","Josefina Pollarolo",persona,"Josefina Pollarolo"
401,"Nyulu Beauty","Josefina Pollarolo",estudio,"Estudio 22"
402,"Five O' Six","Josefina Pollarolo",persona,"Josefina Pollarolo"
402,"Five O' Six","Josefina Pollarolo",estudio,"Estudio 22"
403,"Martín Pescador","Pati Prat Errázuriz",persona,"Pati Prat Errázuriz"
404,"Sin Nombre","Josefa Ballacey Cobo",persona,"Josefa Ballacey Cobo"
405,"Sin Nombre","Josefa Ballacey Cobo",persona,"Josefa Ballacey Cobo"
406,"Obra: Reparaciones para la convivencia - Quiebres y Reparaciones - Exposición","Yael Berkowitz",persona,"Yael Berkowitz"
406,"Obra: Reparaciones para la convivencia - Quiebres y Reparaciones - Exposición","Yael Berkowitz",persona,"Colectivo Ronda"
406,"Obra: Reparaciones para la convivencia - Quiebres y Reparaciones - Exposición","Yael Berkowitz",persona,"Vitrina Dinámica"
407,"Web: Monica Perić","Yael Berkowitz",persona,"Yael Berkowitz"
408,"Render Ambiente VPL Kunstmann","Martín Campos",persona,"Martín Campos"
408,"Render Ambiente VPL Kunstmann","Martín Campos",persona,"Liquid Latam"
409,"Coleccion 3 Chol1; Bichos","Martín Campos",persona,"Martín Campos"
409,"Coleccion 3 Chol1; Bichos","Martín Campos",persona,"Antonino Reinoso"
410,"Silla Al.Ma","Martín Campos",persona,"Martín Campos"
411,"Cover Art “Neruda en el tiempo”","María Jesús Darrigrande",persona,"María Jesús Darrigrande"
411,"Cover Art “Neruda en el tiempo”","María Jesús Darrigrande",persona,"Leonardo Pérez"
412,"Videodanza “PLEAMAR”","María Jesús Darrigrande",persona,"María Jesús Darrigrande"
413,"Yaikinova “Pequeña historia nocturna”","María Jesús Darrigrande",persona,"María Jesús Darrigrande"
413,"Yaikinova “Pequeña historia nocturna”","María Jesús Darrigrande",persona,"Sergio Panizza"
413,"Yaikinova “Pequeña historia nocturna”","María Jesús Darrigrande",persona,"Manuel Silva Acevedo"
414,"SAP Environments","Eduardo Romo",persona,"Eduardo Romo"
415,"The Master Knife","Eduardo Romo",persona,"Eduardo Romo"
415,"The Master Knife","Eduardo Romo",persona,"Clover Studio Cliente"
415,"The Master Knife","Eduardo Romo",persona,"Black Bubba"
415,"The Master Knife","Eduardo Romo",estudio,"Clover Studio"
416,"A.S.98","María Jesús Maturana",persona,"María Jesús Maturana"
417,"EXO","María Jesús Maturana",persona,"María Jesús Maturana"
418,"ODEGI Chile: Visualización de Datos","Francisca Martina Espinosa",persona,"Francisca Martina Espinosa"
419,"lacerda.es","Francisca Martina Espinosa",persona,"Francisca Martina Espinosa"
420,"Genias Podcast","Francisca Martina Espinosa",persona,"Francisca Martina Espinosa"
421,"Bitluxe","Francisca Beatriz Medina Concha",persona,"Francisca Beatriz Medina Concha"
422,"Agencia de borde","Francisca Beatriz Medina Concha",persona,"Francisca Beatriz Medina Concha"
423,"Fotos Madre 2025 La Fête","Victoria Tirapeguy",persona,"Victoria Tirapeguy"
423,"Fotos Madre 2025 La Fête","Victoria Tirapeguy",persona,"La Fête Chocolat Fotos"
424,"Navidad 2024 La Fête Chocolat","Victoria Tirapeguy",persona,"Victoria Tirapeguy"
425,"Fotografía para @sestracl","Lucia Vial Cosmelli",persona,"Lucia Vial Cosmelli"
425,"Fotografía para @sestracl","Lucia Vial Cosmelli",persona,"Punto Focal"
426,"campaña Diálogo Íntimo de @mardu.jewelry","Lucia Vial Cosmelli",persona,"Lucia Vial Cosmelli"
426,"campaña Diálogo Íntimo de @mardu.jewelry","Lucia Vial Cosmelli",persona,"Punto Focal"
427,"Fotos para @ochiandco_","Lucia Vial Cosmelli",persona,"Lucia Vial Cosmelli"
427,"Fotos para @ochiandco_","Lucia Vial Cosmelli",persona,"Punto Focal"
428,"Libro Meteorología Marina","Maria Ignacia Casale Wevar",persona,"Maria Ignacia Casale Wevar"
429,"Ángela - Set","María Granifo Correa",persona,"María Granifo Correa"
430,"Arrimo Lucrecia","María Granifo Correa",persona,"María Granifo Correa"
431,"Bar Eloisa","María Granifo Correa",persona,"María Granifo Correa"
432,"Blanca - Set","María Granifo Correa",persona,"María Granifo Correa"
433,"Éter Joyas","Paula Herrera Rivas",persona,"Paula Herrera Rivas"
434,"Krea","Paula Herrera Rivas",persona,"Paula Herrera Rivas"
435,"Congreso Internacional de Educación Superior Inclusiva","Antonia Lasen Goldzveig",persona,"Antonia Lasen Goldzveig"
435,"Congreso Internacional de Educación Superior Inclusiva","Antonia Lasen Goldzveig",persona,"Estudio EDE"
435,"Congreso Internacional de Educación Superior Inclusiva","Antonia Lasen Goldzveig",estudio,"Estudio EDE"
436,"Aloma","Antonia Lasen Goldzveig",persona,"Antonia Lasen Goldzveig"
436,"Aloma","Antonia Lasen Goldzveig",persona,"Estudio EDE"
436,"Aloma","Antonia Lasen Goldzveig",estudio,"Estudio EDE"
437,"Congreso Internacional de Educación Superior Inclusiva","Consuelo González",persona,"Consuelo González"
437,"Congreso Internacional de Educación Superior Inclusiva","Consuelo González",persona,"Estudio EDE"
437,"Congreso Internacional de Educación Superior Inclusiva","Consuelo González",estudio,"Estudio EDE"
438,"Congreso Internacional de Educación Superior Inclusiva","Trinidad Rodríguez",persona,"Trinidad Rodríguez"
438,"Congreso Internacional de Educación Superior Inclusiva","Trinidad Rodríguez",persona,"Estudio EDE"
438,"Congreso Internacional de Educación Superior Inclusiva","Trinidad Rodríguez",estudio,"Estudio EDE"
439,"Sara & Emma","Yolanda Sande Guglielmetti",persona,"Yolanda Sande Guglielmetti"
439,"Sara & Emma","Yolanda Sande Guglielmetti",persona,"Igriega Estudio Ilustración"
439,"Sara & Emma","Yolanda Sande Guglielmetti",persona,"Yolanda Sande"
439,"Sara & Emma","Yolanda Sande Guglielmetti",estudio,"Igriega Estudio"
440,"Studio X Design Lab","Yolanda Sande Guglielmetti",persona,"Yolanda Sande Guglielmetti"
441,"Filmoteca de Catalunya","Asunción Schwarzenberg",persona,"Asunción Schwarzenberg"
442,"Kuskalla","Anton Strabucchi Borregaard",persona,"Anton Strabucchi Borregaard"
443,"The Dry Years","Anton Strabucchi Borregaard",persona,"Anton Strabucchi Borregaard"
444,"Macetas Nodrizas","Antonia Valencia Talhouk",persona,"Antonia Valencia Talhouk"
444,"Macetas Nodrizas","Antonia Valencia Talhouk",persona,"Nicolás García Desarrollado"
444,"Macetas Nodrizas","Antonia Valencia Talhouk",persona,"Habita Nodriza"
445,"Impresión 3D arcilla local en Puerto Williams","Tomás Espinosa",persona,"Tomás Espinosa"
445,"Impresión 3D arcilla local en Puerto Williams","Tomás Espinosa",persona,"Taller La Bandurria FONDART"
445,"Impresión 3D arcilla local en Puerto Williams","Tomás Espinosa",persona,"Habita Nodriza"
446,"Baker","Matías Hagen Esper",persona,"Matías Hagen Esper"
447,"BANDANA AMÉRICA SOLIDARIA","Matías Hagen Esper",persona,"Matías Hagen Esper"
447,"BANDANA AMÉRICA SOLIDARIA","Matías Hagen Esper",persona,"Paula Herrera"
448,"Tricota Bupa","Matías Hagen Esper",persona,"Matías Hagen Esper"
448,"Tricota Bupa","Matías Hagen Esper",persona,"Bupa Santiago"
449,"Señalética Outdoor","Felipe Lorenzini",persona,"Felipe Lorenzini"
450,"Anillo Zafiro","Gianfranco Zoffoli",persona,"Gianfranco Zoffoli"
451,"Quintillo Diamante","Gianfranco Zoffoli",persona,"Gianfranco Zoffoli"
452,"Attravels","Javiera Videla",persona,"Javiera Videla"
453,"Herbario de Criptógamas Subantárticas","Javiera Videla",persona,"Javiera Videla"
454,"MOON DOG","Abril Araneda",persona,"Abril Araneda"
455,"FROM PATAGONIA TO THE WORLD","Abril Araneda",persona,"Abril Araneda"
455,"FROM PATAGONIA TO THE WORLD","Abril Araneda",persona,"Motion Studio"
455,"FROM PATAGONIA TO THE WORLD","Abril Araneda",estudio,"Motion Studio"
456,"La hormiguitua y el ratón Pérez","Abril Araneda",persona,"Abril Araneda"
456,"La hormiguitua y el ratón Pérez","Abril Araneda",persona,"Abril Araneda Voiced"
456,"La hormiguitua y el ratón Pérez","Abril Araneda",persona,"Daniela Gala Music"
456,"La hormiguitua y el ratón Pérez","Abril Araneda",persona,"Luis Orlandini"
457,"SERENO","Francisco Blümel Araya",persona,"Francisco Blümel Araya"
458,"SLIDE DUNGEON","Francisco Blümel Araya",persona,"Francisco Blümel Araya"
459,"TONY SOAP’S PRO DUCKER","Francisco Blümel Araya",persona,"Francisco Blümel Araya"
460,"Vecinos Chilenos | Educación para la conservación","Debi Codriansky",persona,"Debi Codriansky"
461,"Centro de la sexoafectividad","Florencia Cood",persona,"Florencia Cood"
462,"LOA","Bárbara Gelfenstein",persona,"Bárbara Gelfenstein"
462,"LOA","Bárbara Gelfenstein",persona,"Cervecería Loa"
463,"Por los ojos que no ven","Bárbara Gelfenstein",persona,"Bárbara Gelfenstein"
